DROP SCHEMA IF EXISTS AutoPartsStore;
CREATE SCHEMA IF NOT EXISTS AutoPartsStore;

CREATE TABLE IF NOT EXISTS AutoPartsStore.Customers (
    CustomerID INT UNSIGNED PRIMARY KEY AUTO_INCREMENT,
    LastName VARCHAR(45) NOT NULL,
    FirstName VARCHAR(45) NOT NULL,
    Email VARCHAR(255) NOT NULL UNIQUE,
    PrimaryPhone VARCHAR(10) NOT NULL,
    SecondaryPhone VARCHAR(45) NULL,
    Address VARCHAR(100) NOT NULL,
    City VARCHAR(45) NOT NULL,
    State CHAR(2) NOT NULL,
    ZipCode CHAR(10) NOT NULL,
    Notes TEXT
);

CREATE TABLE IF NOT EXISTS AutoPartsStore.Employees (
    EmployeeID INT UNSIGNED PRIMARY KEY AUTO_INCREMENT,
    LastName VARCHAR(45) NOT NULL,
    FirstName VARCHAR(45) NOT NULL,
    Title VARCHAR(30),
    Email VARCHAR(255) UNIQUE NOT NULL,
    PrimaryPhone VARCHAR(10) NOT NULL,
    SecondaryPhone VARCHAR(45) NULL,
    Address VARCHAR(100) NOT NULL,
    City VARCHAR(45) NOT NULL,
    State CHAR(2) NOT NULL,
    ZipCode CHAR(10) NOT NULL,
    Notes TEXT
);

CREATE TABLE IF NOT EXISTS AutoPartsStore.PrivilegeDetails (
    PrivilegeID INT UNSIGNED PRIMARY KEY,
    Name VARCHAR(30) NOT NULL,
    Notes TEXT
);

INSERT INTO AutoPartsStore.PrivilegeDetails
VALUES
	(0, 'Read', 'Able to read data from database only.'),
    (1, 'Update', 'Able to update existing records.'),
    (2, 'Create', 'Able to create new records.'),
    (3, 'Delete', 'Able to delete existing records.'),
    (9, 'Admin', 'All privileges')
;

CREATE TABLE IF NOT EXISTS AutoPartsStore.EmployeePrivileges (
    EmployeeID INT UNSIGNED NOT NULL,
    PrivilegeID INT UNSIGNED NOT NULL,
    FOREIGN KEY (PrivilegeID) REFERENCES AutoPartsStore.PrivilegeDetails(PrivilegeID),
    FOREIGN KEY (EmployeeID) REFERENCES AutoPartsStore.Employees(EmployeeID)
);

CREATE TABLE IF NOT EXISTS AutoPartsStore.TaxStatus (
	TaxStatusID INT UNSIGNED PRIMARY KEY,
    Name VARCHAR(30)
);

INSERT INTO AutoPartsStore.TaxStatus
VALUES
	(0, 'Exempt'),
	(1, 'Non-Exempt')
;

CREATE TABLE IF NOT EXISTS AutoPartsStore.Suppliers (
	SupplierID INT UNSIGNED PRIMARY KEY AUTO_INCREMENT,
    Company VARCHAR(45) NOT NULL,
    ContactName VARCHAR(50),
    PrimaryPhone CHAR(10) NOT NULL,
    SecondaryPhone CHAR(10),
    Website VARCHAR(255),
    Address VARCHAR(100) NOT NULL,
    City VARCHAR(45) NOT NULL,
    State CHAR(2) NOT NULL,
    ZipCode CHAR(10) NOT NULL,
    Notes TEXT
);

CREATE TABLE IF NOT EXISTS AutoPartsStore.Shippers (
	ShipperID INT UNSIGNED PRIMARY KEY AUTO_INCREMENT,
    Company VARCHAR(45) NOT NULL,
    ContactName VARCHAR(50),
    PrimaryPhone CHAR(10) NOT NULL,
    SecondaryPhone CHAR(10),
    Website VARCHAR(255),
    Address VARCHAR(100) NOT NULL,
    City VARCHAR(45) NOT NULL,
    State CHAR(2) NOT NULL,
    ZipCode CHAR(10) NOT NULL,
    Notes TEXT
);

CREATE TABLE AutoPartsStore.CarMakes (
	CarMakeID INT UNSIGNED PRIMARY KEY,
    MakeName VARCHAR(45) UNIQUE NOT NULL
);

CREATE TABLE AutoPartsStore.CarModels (
	CarModelID INT UNSIGNED PRIMARY KEY,
    CarMakeID INT UNSIGNED NOT NULL,
    CarModelName VARCHAR(45) UNIQUE NOT NULL,
    FOREIGN KEY (CarMakeID) REFERENCES AutoPartsStore.CarMakes(CarMakeID)
);

CREATE TABLE AutoPartsStore.CarConfigurations (
	CarID INT UNSIGNED PRIMARY KEY,
    CarMakeID INT UNSIGNED NOT NULL,
    CarModelID INT UNSIGNED NOT NULL,
	ProductionYear CHAR(4) NOT NULL,
    Notes TEXT,
    FOREIGN KEY (CarMakeID) REFERENCES AutoPartsStore.CarMakes(CarMakeID),
    FOREIGN KEY (CarModelID) REFERENCES AutoPartsStore.CarModels(CarModelID)
);

CREATE TABLE IF NOT EXISTS AutoPartsStore.Parts (
	PartID INT UNSIGNED PRIMARY KEY AUTO_INCREMENT,
    SupplierID INT UNSIGNED NOT NULL,
    CarID INT UNSIGNED NOT NULL,
    Name VARCHAR(100) NOT NULL,
    Category VARCHAR(50),
    PartDescription TEXT,
    PricePerUnit DECIMAL(10,2) NOT NULL, /*Max 99,999,999.99*/
    Discontinued BOOLEAN NOT NULL DEFAULT FALSE,
    QuantityOnHand INT UNSIGNED NOT NULL DEFAULT 0,
    Image LONGBLOB DEFAULT NULL,
    FOREIGN KEY (SupplierID) REFERENCES AutoPartsStore.Suppliers(SupplierID),
    FOREIGN KEY (CarID) REFERENCES AutoPartsStore.CarConfigurations(CarID)
);

CREATE TABLE IF NOT EXISTS AutoPartsStore.OrderStatus (
	OrderStatusID INT UNSIGNED PRIMARY KEY,
    Name VARCHAR(45) NOT NULL
);

INSERT INTO AutoPartsStore.OrderStatus
VALUES
	(0, 'New Order'),
    (1, 'Processed'),
    (2, 'Approved'),
    (3, 'In Transit'),
    (4, 'Shipped'),
    (5, 'Delivered'),
    (6, 'Received'),
    (9, 'On Back Order')
;

CREATE TABLE IF NOT EXISTS AutoPartsStore.CustomerOrders (
	OrderID INT UNSIGNED PRIMARY KEY AUTO_INCREMENT,
    CustomerID INT UNSIGNED NOT NULL,
    OrderDate TIMESTAMP NOT NULL DEFAULT CURRENT_TIMESTAMP,
    ShipDate TIMESTAMP,
    ShipName VARCHAR(90) NOT NULL,
    ShipAddress VARCHAR(100) NOT NULL,
    ShipCity VARCHAR(45) NOT NULL,
    ShipState CHAR(2) NOT NULL,
    ShipZipCode CHAR(10) NOT NULL,
    ShipperID INT UNSIGNED,
    ShipFee DECIMAL(10,2) NOT NULL DEFAULT 0.00,
    TaxStatusID INT UNSIGNED NOT NULL DEFAULT 0,
    TaxAmount DECIMAL(10,2) NOT NULL DEFAULT 0.00,
    OrderStatusID INT UNSIGNED NOT NULL DEFAULT 0,
    Notes TEXT,
    FOREIGN KEY (CustomerID) REFERENCES AutoPartsStore.Customers(CustomerID),
    FOREIGN KEY (ShipperID) REFERENCES AutoPartsStore.Shippers(ShipperID),
    FOREIGN KEY (TaxStatusID) REFERENCES AutoPartsStore.TaxStatus(TaxStatusID),
    FOREIGN KEY (OrderStatusID) REFERENCES AutoPartsStore.OrderStatus(OrderStatusID)
);

CREATE TABLE IF NOT EXISTS AutoPartsStore.ResupplyOrders (
	ResupplyOrderID INT UNSIGNED PRIMARY KEY AUTO_INCREMENT,
    CreatedBy INT UNSIGNED NOT NULL,
    CreationDate TIMESTAMP NOT NULL DEFAULT CURRENT_TIMESTAMP,
    ShipFee DECIMAL(10, 2) NOT NULL,
    ShipDate TIMESTAMP,
    TaxAmount DECIMAL(10, 2) NOT NULL DEFAULT 0.00,
    OrderStatusID INT UNSIGNED NOT NULL DEFAULT 0,
    ApprovedBy INT UNSIGNED DEFAULT NULL,
    ApprovedDate TIMESTAMP,
    Notes TEXT,
    FOREIGN KEY (CreatedBy) REFERENCES AutoPartsStore.Employees(EmployeeID),
    FOREIGN KEY (OrderStatusID) REFERENCES AutoPartsStore.OrderStatus(OrderStatusID),
    FOREIGN KEY (ApprovedBy) REFERENCES AutoPartsStore.Employees(EmployeeID)
);

CREATE TABLE IF NOT EXISTS AutoPartsStore.OrderDetails (
	OrderDetailsID INT UNSIGNED PRIMARY KEY AUTO_INCREMENT,
    CustomerOrderID INT UNSIGNED,
    ResupplyOrderID INT UNSIGNED,
    PartID INT UNSIGNED NOT NULL,
    Quantity INT UNSIGNED NOT NULL DEFAULT 1,
    UnitPrice DECIMAL(10,2) NOT NULL,
    FOREIGN KEY (CustomerOrderID) REFERENCES AutoPartsStore.CustomerOrders(OrderID),
    FOREIGN KEY (ResupplyOrderID) REFERENCES AutoPartsStore.ResupplyOrders(ResupplyOrderID),
    FOREIGN KEY (PartID) REFERENCES AutoPartsStore.Parts(PartID)
);

INSERT INTO AutoPartsStore.CarMakes
VALUES
	(0, 'Acura'),
	(1, 'Alfa Romeo'),
	(2, 'Audi'),
	(3, 'BMW'),
	(4, 'Buick'),
	(5, 'Cadillac'),
	(6, 'Chevrolet'),
	(7, 'Chrysler'),
	(8, 'Dodge'),
	(9, 'Fiat'),
	(10, 'Ford'),
	(11, 'GMC'),
	(12, 'Genesis'),
	(13, 'Honda'),
	(14, 'Hyundai'),
	(15, 'Infiniti'),
	(16, 'Jaguar'),
	(17, 'Jeep'),
	(18, 'Kia'),
	(19, 'Land Rover'),
	(20, 'Lexus'),
	(21, 'Lincoln'),
	(22, 'Maserati'),
	(23, 'Mazda'),
	(24, 'Mercedes-Benz'),
	(25, 'Mercury'),
	(26, 'Mini'),
	(27, 'Mitsubishi'),
	(28, 'Nissan'),
	(29, 'Pontiac'),
	(30, 'Porsche'),
	(31, 'Saab'),
	(32, 'Saturn'),
	(33, 'Scion'),
	(34, 'Smart'),
	(35, 'Subaru'),
	(36, 'Suzuki'),
	(37, 'Tesla'),
	(38, 'Toyota'),
	(39, 'Volkswagen'),
	(40, 'Volvo')
;

INSERT INTO AutoPartsStore.CarModels
VALUES
	(0, 0, 'MDX'),
	(1, 0, 'NSX'),
	(2, 0, 'RDX'),
	(3, 0, 'RL'),
	(4, 0, 'RLX'),
	(5, 0, 'TL'),
	(6, 0, 'TLX'),
	(7, 0, 'TSX'),
	(8, 1, '4C'),
	(9, 1, 'Giulia'),
	(10, 1, 'Stelvio'),
	(11, 2, 'A3'),
	(12, 2, 'A4'),
	(13, 2, 'A5'),
	(14, 2, 'A6'),
	(15, 2, 'A7'),
	(16, 2, 'A8'),
	(17, 2, 'Allroad'),
	(18, 2, 'Q3'),
	(19, 2, 'Q5'),
	(20, 2, 'Q7'),
	(21, 2, 'R8'),
	(22, 2, 'S4'),
	(23, 2, 'TT'),
	(24, 3, '1 Series'),
	(25, 3, '2 Series'),
	(26, 3, '3 Series'),
	(27, 3, '4 Series'),
	(28, 3, '5 Series'),
	(29, 3, '6 Series'),
	(30, 3, '7 Series'),
	(31, 3, 'X1'),
	(32, 3, 'X2'),
	(33, 3, 'X3'),
	(34, 3, 'X4'),
	(35, 3, 'X5'),
	(36, 3, 'X6'),
	(37, 3, 'Z3'),
	(38, 3, 'Z4'),
	(39, 3, 'i3'),
	(40, 3, 'i8'),
	(41, 4, 'Cascada'),
	(42, 4, 'Enclave'),
	(43, 4, 'Encore'),
	(44, 4, 'Envision'),
	(45, 4, 'LaCrosse'),
	(46, 4, 'Lucerne'),
	(47, 4, 'Regal'),
	(48, 4, 'Verano'),
	(49, 5, 'ATS'),
	(50, 5, 'CT6'),
	(51, 5, 'CTS'),
	(52, 5, 'Catera'),
	(53, 5, 'DTS'),
	(54, 5, 'ELR'),
	(55, 5, 'Escalade'),
	(56, 5, 'SRX'),
	(57, 5, 'STS'),
	(58, 5, 'XLR'),
	(59, 5, 'XT5'),
	(60, 5, 'XTS'),
	(61, 6, 'Avalanche'),
	(62, 6, 'Aveo'),
	(63, 6, 'Blazer'),
	(64, 6, 'Bolt'),
	(65, 6, 'Camaro'),
	(66, 6, 'Captiva Sport'),
	(67, 6, 'Cobalt'),
	(68, 6, 'Colorado'),
	(69, 6, 'Corvette'),
	(70, 6, 'Cruze'),
	(71, 6, 'Equinox'),
	(72, 6, 'HHR'),
	(73, 6, 'Impala'),
	(74, 6, 'Malibu'),
	(75, 6, 'SS'),
	(76, 6, 'Silverado 1500'),
	(77, 6, 'Silverado 2500HD'),
	(78, 6, 'Silverado 3500HD'),
	(79, 6, 'Sonic'),
	(80, 6, 'Spark'),
	(81, 6, 'Suburban'),
	(82, 6, 'Tahoe'),
	(83, 6, 'TrailBlazer'),
	(84, 6, 'Traverse'),
	(85, 6, 'Trax'),
	(86, 6, 'Volt'),
	(87, 7, '200'),
	(88, 7, '300'),
	(89, 7, 'Aspen'),
	(90, 7, 'Crossfire'),
	(91, 7, 'PT Cruiser'),
	(92, 7, 'Pacifica'),
	(93, 7, 'Sebring'),
	(94, 7, 'Town & Country'),
	(95, 8, 'Avenger'),
	(96, 8, 'Caliber'),
	(97, 8, 'Challenger'),
	(98, 8, 'Charger'),
	(99, 8, 'Dakota'),
	(100, 8, 'Dart'),
	(101, 8, 'Durango'),
	(102, 8, 'Grand Caravan'),
	(103, 8, 'Journey'),
	(104, 8, 'Nitro'),
	(105, 8, 'Ram 1500'),
	(106, 8, 'Ram 2500'),
	(107, 8, 'Ram 3500'),
	(108, 8, 'Viper'),
	(109, 9, '124'),
	(110, 9, '500'),
	(111, 9, '500L'),
	(112, 9, '500X'),
	(113, 10, 'C-MAX'),
	(114, 10, 'Crown Victoria'),
	(115, 10, 'EcoSport'),
	(116, 10, 'Edge'),
	(117, 10, 'Escape'),
	(118, 10, 'Expedition'),
	(119, 10, 'Explorer'),
	(120, 10, 'Explorer Sport Trac'),
	(121, 10, 'F-150'),
	(122, 10, 'F-250'),
	(123, 10, 'F-350'),
	(124, 10, 'Fiesta'),
	(125, 10, 'Five Hundred'),
	(126, 10, 'Flex'),
	(127, 10, 'Focus'),
	(128, 10, 'Freestar'),
	(129, 10, 'Freestyle'),
	(130, 10, 'Fusion'),
	(131, 10, 'Mustang'),
	(132, 10, 'Ranger'),
	(133, 10, 'Taurus'),
	(134, 10, 'Taurus X'),
	(135, 10, 'Transit'),
	(136, 10, 'Transit Connect'),
	(137, 11, 'Acadia'),
	(138, 11, 'Canyon'),
	(139, 11, 'Envoy'),
	(140, 11, 'Sierra 1500'),
	(141, 11, 'Sierra 2500HD'),
	(142, 11, 'Sierra 3500HD'),
	(143, 11, 'Terrain'),
	(144, 11, 'Yukon'),
	(145, 11, 'Yukon XL'),
	(146, 12, 'G80'),
	(147, 12, 'G90'),
	(148, 13, 'Accord'),
	(149, 13, 'Accord Crosstour'),
	(150, 13, 'CR-V'),
	(151, 13, 'CR-Z'),
	(152, 13, 'Civic'),
	(153, 13, 'Clarity'),
	(154, 13, 'Crosstour'),
	(155, 13, 'Element'),
	(156, 13, 'Fit'),
	(157, 13, 'HR-V'),
	(158, 13, 'Insight'),
	(159, 13, 'Odyssey'),
	(160, 13, 'Pilot'),
	(161, 13, 'Ridgeline'),
	(162, 13, 'S2000'),
	(163, 14, 'Accent'),
	(164, 14, 'Azera'),
	(165, 14, 'Elantra'),
	(166, 14, 'Elantra GT'),
	(167, 14, 'Entourage'),
	(168, 14, 'Equus'),
	(169, 14, 'Genesis'),
	(170, 14, 'Genesis Coupe'),
	(171, 14, 'Ioniq'),
	(172, 14, 'Ko'),
	(173, 14, 'Santa Fe'),
	(174, 14, 'Santa Fe Sport'),
	(175, 14, 'Sota'),
	(176, 14, 'Tiburon'),
	(177, 14, 'Tucson'),
	(178, 14, 'Veloster'),
	(179, 14, 'Veracruz'),
	(180, 14, 'XG350'),
	(181, 15, 'EX'),
	(182, 15, 'FX'),
	(183, 15, 'G'),
	(184, 15, 'JX'),
	(185, 15, 'M'),
	(186, 15, 'Q45'),
	(187, 15, 'Q50'),
	(188, 15, 'Q60'),
	(189, 15, 'Q70'),
	(190, 15, 'QX'),
	(191, 15, 'QX30'),
	(192, 15, 'QX4'),
	(193, 15, 'QX50'),
	(194, 15, 'QX60'),
	(195, 15, 'QX70'),
	(196, 15, 'QX80'),
	(197, 16, 'E-Pace'),
	(198, 16, 'F-Pace'),
	(199, 16, 'F-Type'),
	(200, 16, 'S-Type'),
	(201, 16, 'X-Type'),
	(202, 16, 'XE'),
	(203, 16, 'XF'),
	(204, 16, 'XJ'),
	(205, 16, 'XK'),
	(206, 17, 'Cherokee'),
	(207, 17, 'Commander'),
	(208, 17, 'Compass'),
	(209, 17, 'Grand Cherokee'),
	(210, 17, 'Liberty'),
	(211, 17, 'Patriot'),
	(212, 17, 'Renegade'),
	(213, 17, 'Wrangler'),
	(214, 18, 'Amanti'),
	(215, 18, 'Borrego'),
	(216, 18, 'Cadenza'),
	(217, 18, 'Forte'),
	(218, 18, 'K900'),
	(219, 18, 'Niro'),
	(220, 18, 'Optima'),
	(221, 18, 'Rio'),
	(222, 18, 'Rondo'),
	(223, 18, 'Sedo'),
	(224, 18, 'Sorento'),
	(225, 18, 'Soul'),
	(226, 18, 'Spectra'),
	(227, 18, 'Sportage'),
	(228, 18, 'Stinger'),
	(229, 19, 'Discovery'),
	(230, 19, 'Discovery Sport'),
	(231, 19, 'Freelander'),
	(232, 19, 'LR2'),
	(233, 19, 'LR3'),
	(234, 19, 'LR4'),
	(235, 19, 'Range Rover'),
	(236, 19, 'Range Rover Evoque'),
	(237, 19, 'Range Rover Sport'),
	(238, 19, 'Range Rover Velar'),
	(239, 20, 'CT 200h'),
	(240, 20, 'ES'),
	(241, 20, 'GS'),
	(242, 20, 'GX'),
	(243, 20, 'HS Hybrid'),
	(244, 20, 'IS'),
	(245, 20, 'LC'),
	(246, 20, 'LS'),
	(247, 20, 'LX'),
	(248, 20, 'NX'),
	(249, 20, 'RC'),
	(250, 20, 'RX'),
	(251, 20, 'RX L'),
	(252, 20, 'SC'),
	(253, 21, 'Aviator'),
	(254, 21, 'Continental'),
	(255, 21, 'MKC'),
	(256, 21, 'MKS'),
	(257, 21, 'MKT'),
	(258, 21, 'MKX'),
	(259, 21, 'MKZ'),
	(260, 21, 'Mark LT'),
	(261, 21, 'Navigator'),
	(262, 21, 'Town Car'),
	(263, 21, 'Zephyr'),
	(264, 22, 'Ghibli'),
	(265, 22, 'Levante'),
	(266, 23, '2'),
	(267, 23, '3'),
	(268, 23, '5'),
	(269, 23, '6'),
	(270, 23, 'B-Series'),
	(271, 23, 'CX-3'),
	(272, 23, 'CX-5'),
	(273, 23, 'CX-7'),
	(274, 23, 'CX-9'),
	(275, 23, 'MPV'),
	(276, 23, 'MX-5 Miata'),
	(277, 23, 'RX-8'),
	(278, 23, 'Tribute'),
	(279, 24, 'AMG GT'),
	(280, 24, 'B-Class Electric Drive'),
	(281, 24, 'C-Class'),
	(282, 24, 'CL'),
	(283, 24, 'CLA'),
	(284, 24, 'CLK'),
	(285, 24, 'CLS'),
	(286, 24, 'E-Class'),
	(287, 24, 'GL-Class'),
	(288, 24, 'GLA'),
	(289, 24, 'GLC'),
	(290, 24, 'GLC Coupe'),
	(291, 24, 'GLE'),
	(292, 24, 'GLE Coupe'),
	(293, 24, 'GLK-Class'),
	(294, 24, 'GLS'),
	(295, 24, 'M-Class'),
	(296, 24, 'Metris'),
	(297, 24, 'R-Class'),
	(298, 24, 'S-Class'),
	(299, 24, 'SL'),
	(300, 24, 'SLC'),
	(301, 24, 'SLK'),
	(302, 25, 'Cougar'),
	(303, 25, 'Grand Marquis'),
	(304, 25, 'Mariner'),
	(305, 25, 'Milan'),
	(306, 25, 'Montego'),
	(307, 25, 'Monterey'),
	(308, 25, 'Mountaineer'),
	(309, 25, 'Sable'),
	(310, 25, 'Villager'),
	(311, 26, 'Cooper'),
	(312, 26, 'Cooper Clubman'),
	(313, 26, 'Cooper Countryman'),
	(314, 26, 'Paceman'),
	(315, 27, 'Eclipse'),
	(316, 27, 'Eclipse Cross'),
	(317, 27, 'Endeavor'),
	(318, 27, 'Galant'),
	(319, 27, 'Lancer'),
	(320, 27, 'Mirage'),
	(321, 27, 'Outlander'),
	(322, 27, 'Outlander Sport'),
	(323, 27, 'i-MiEV'),
	(324, 28, 'Altima'),
	(325, 28, 'Armada'),
	(326, 28, 'Cube'),
	(327, 28, 'Frontier'),
	(328, 28, 'GT-R'),
	(329, 28, 'Juke'),
	(330, 28, 'Kicks'),
	(331, 28, 'Leaf'),
	(332, 28, 'Maxima'),
	(333, 28, 'Murano'),
	(334, 28, 'Pathfinder'),
	(335, 28, 'Quest'),
	(336, 28, 'Rogue'),
	(337, 28, 'Rogue Sport'),
	(338, 28, 'Sentra'),
	(339, 28, 'Titan'),
	(340, 28, 'Titan XD'),
	(341, 28, 'Versa'),
	(342, 28, 'Versa Hatchback'),
	(343, 28, 'Versa Note'),
	(344, 28, 'Xterra'),
	(345, 28, 'Z'),
	(346, 29, 'Aztek'),
	(347, 29, 'Bonneville'),
	(348, 29, 'G5'),
	(349, 29, 'G6'),
	(350, 29, 'G8'),
	(351, 29, 'GTO'),
	(352, 29, 'Grand Prix'),
	(353, 29, 'Solstice'),
	(354, 29, 'Torrent'),
	(355, 29, 'Vibe'),
	(356, 30, '718 Boxster'),
	(357, 30, '718 Cayman'),
	(358, 30, '911'),
	(359, 30, 'Boxster'),
	(360, 30, 'Cayenne'),
	(361, 30, 'Cayman'),
	(362, 30, 'Macan'),
	(363, 30, 'Pamera'),
	(364, 31, '9-3'),
	(365, 31, '9-5'),
	(366, 31, '9-7X'),
	(367, 32, 'Astra'),
	(368, 32, 'Aura'),
	(369, 32, 'Outlook'),
	(370, 32, 'Sky'),
	(371, 32, 'Vue'),
	(372, 33, 'FR-S'),
	(373, 33, 'iA'),
	(374, 33, 'iM'),
	(375, 33, 'iQ'),
	(376, 33, 'tC'),
	(377, 33, 'xA'),
	(378, 33, 'xB'),
	(379, 33, 'xD'),
	(380, 34, 'ForTwo'),
	(381, 35, 'BRZ'),
	(382, 35, 'Crosstrek'),
	(383, 35, 'Forester'),
	(384, 35, 'Impreza'),
	(385, 35, 'Impreza WRX/STi'),
	(386, 35, 'Legacy'),
	(387, 35, 'Outback'),
	(388, 35, 'Tribeca'),
	(389, 35, 'WRX'),
	(390, 35, 'XV Crosstrek'),
	(391, 36, 'Equator'),
	(392, 36, 'Forenza'),
	(393, 36, 'Grand Vitara'),
	(394, 36, 'Kizashi'),
	(395, 36, 'SX4'),
	(396, 37, 'Model 3'),
	(397, 37, 'Model S'),
	(398, 37, 'Model X'),
	(399, 38, '4Runner'),
	(400, 38, '86'),
	(401, 38, 'Avalon'),
	(402, 38, 'C-HR'),
	(403, 38, 'Camry'),
	(404, 38, 'Camry Solara'),
	(405, 38, 'Corolla'),
	(406, 38, 'Corolla iM'),
	(407, 38, 'FJ Cruiser'),
	(408, 38, 'Highlander'),
	(409, 38, 'Land Cruiser'),
	(410, 38, 'Matrix'),
	(411, 38, 'Mirai'),
	(412, 38, 'Prius'),
	(413, 38, 'Prius C'),
	(414, 38, 'Prius Prime'),
	(415, 38, 'Prius V'),
	(416, 38, 'RAV4'),
	(417, 38, 'Sequoia'),
	(418, 38, 'Sien'),
	(419, 38, 'Tacoma'),
	(420, 38, 'Tundra'),
	(421, 38, 'Venza'),
	(422, 38, 'Yaris'),
	(423, 38, 'Yaris iA'),
	(424, 39, 'Atlas'),
	(425, 39, 'Beetle'),
	(426, 39, 'CC'),
	(427, 39, 'Eos'),
	(428, 39, 'GTI'),
	(429, 39, 'Golf'),
	(430, 39, 'Golf Alltrack'),
	(431, 39, 'Golf SportWagen'),
	(432, 39, 'Jetta'),
	(433, 39, 'Passat'),
	(434, 39, 'Rabbit'),
	(435, 39, 'Routan'),
	(436, 39, 'Tiguan'),
	(437, 39, 'Touareg'),
	(438, 40, 'C30'),
	(439, 40, 'C70'),
	(440, 40, 'S40'),
	(441, 40, 'S60'),
	(442, 40, 'S80'),
	(443, 40, 'S90'),
	(444, 40, 'V50'),
	(445, 40, 'V60'),
	(446, 40, 'V70/XC70'),
	(447, 40, 'XC60'),
	(448, 40, 'XC70')
;

INSERT INTO AutoPartsStore.CarConfigurations(CarID, CarMakeID, CarModelID, ProductionYear)
VALUES
	(0, 0, 0, 2018),
	(1, 0, 0, 2017),
	(2, 0, 0, 2016),
	(3, 0, 0, 2015),
	(4, 0, 1, 2018),
	(5, 0, 1, 2017),
	(6, 0, 1, 2005),
	(7, 0, 1, 2004),
	(8, 0, 2, 2018),
	(9, 0, 2, 2017),
	(10, 0, 2, 2016),
	(11, 0, 2, 2015),
	(12, 0, 3, 2012),
	(13, 0, 3, 2011),
	(14, 0, 3, 2010),
	(15, 0, 3, 2009),
	(16, 0, 4, 2018),
	(17, 0, 4, 2017),
	(18, 0, 4, 2016),
	(19, 0, 4, 2015),
	(20, 0, 5, 2014),
	(21, 0, 5, 2013),
	(22, 0, 5, 2012),
	(23, 0, 5, 2011),
	(24, 0, 6, 2018),
	(25, 0, 6, 2017),
	(26, 0, 6, 2016),
	(27, 0, 6, 2015),
	(28, 0, 7, 2014),
	(29, 0, 7, 2013),
	(30, 0, 7, 2012),
	(31, 0, 7, 2011),
	(32, 1, 8, 2018),
	(33, 1, 8, 2017),
	(34, 1, 8, 2016),
	(35, 1, 8, 2015),
	(36, 1, 9, 2018),
	(37, 1, 9, 2017),
	(38, 1, 10, 2018),
	(39, 2, 11, 2018),
	(40, 2, 11, 2017),
	(41, 2, 11, 2016),
	(42, 2, 11, 2015),
	(43, 2, 12, 2018),
	(44, 2, 12, 2017),
	(45, 2, 12, 2016),
	(46, 2, 12, 2015),
	(47, 2, 13, 2018),
	(48, 2, 13, 2017),
	(49, 2, 13, 2016),
	(50, 2, 13, 2015),
	(51, 2, 14, 2018),
	(52, 2, 14, 2017),
	(53, 2, 14, 2016),
	(54, 2, 14, 2015),
	(55, 2, 15, 2018),
	(56, 2, 15, 2017),
	(57, 2, 15, 2016),
	(58, 2, 15, 2015),
	(59, 2, 16, 2018),
	(60, 2, 16, 2017),
	(61, 2, 16, 2016),
	(62, 2, 16, 2015),
	(63, 2, 17, 2018),
	(64, 2, 17, 2017),
	(65, 2, 17, 2016),
	(66, 2, 17, 2015),
	(67, 2, 18, 2018),
	(68, 2, 18, 2017),
	(69, 2, 18, 2016),
	(70, 2, 18, 2015),
	(71, 2, 19, 2018),
	(72, 2, 19, 2017),
	(73, 2, 19, 2016),
	(74, 2, 19, 2015),
	(75, 2, 20, 2018),
	(76, 2, 20, 2017),
	(77, 2, 20, 2016),
	(78, 2, 20, 2015),
	(79, 2, 21, 2019),
	(80, 2, 21, 2018),
	(81, 2, 21, 2017),
	(82, 2, 21, 2016),
	(83, 2, 22, 2018),
	(84, 2, 22, 2016),
	(85, 2, 22, 2015),
	(86, 2, 22, 2014),
	(87, 2, 23, 2018),
	(88, 2, 23, 2017),
	(89, 2, 23, 2016),
	(90, 2, 23, 2015),
	(91, 3, 24, 2013),
	(92, 3, 24, 2012),
	(93, 3, 24, 2011),
	(94, 3, 24, 2010),
	(95, 3, 25, 2018),
	(96, 3, 25, 2017),
	(97, 3, 25, 2016),
	(98, 3, 25, 2015),
	(99, 3, 26, 2018),
	(100, 3, 26, 2017),
	(101, 3, 26, 2016),
	(102, 3, 26, 2015),
	(103, 3, 27, 2018),
	(104, 3, 27, 2017),
	(105, 3, 27, 2016),
	(106, 3, 27, 2015),
	(107, 3, 28, 2018),
	(108, 3, 28, 2017),
	(109, 3, 28, 2016),
	(110, 3, 28, 2015),
	(111, 3, 29, 2018),
	(112, 3, 29, 2017),
	(113, 3, 29, 2016),
	(114, 3, 29, 2015),
	(115, 3, 30, 2018),
	(116, 3, 30, 2017),
	(117, 3, 30, 2016),
	(118, 3, 30, 2015),
	(119, 3, 31, 2018),
	(120, 3, 31, 2017),
	(121, 3, 31, 2016),
	(122, 3, 31, 2015),
	(123, 3, 32, 2018),
	(124, 3, 33, 2018),
	(125, 3, 33, 2017),
	(126, 3, 33, 2016),
	(127, 3, 33, 2015),
	(128, 3, 34, 2018),
	(129, 3, 34, 2017),
	(130, 3, 34, 2016),
	(131, 3, 34, 2015),
	(132, 3, 35, 2018),
	(133, 3, 35, 2017),
	(134, 3, 35, 2016),
	(135, 3, 35, 2015),
	(136, 3, 36, 2018),
	(137, 3, 36, 2017),
	(138, 3, 36, 2016),
	(139, 3, 36, 2015),
	(140, 3, 37, 2002),
	(141, 3, 37, 2001),
	(142, 3, 37, 2000),
	(143, 3, 38, 2017),
	(144, 3, 38, 2016),
	(145, 3, 38, 2015),
	(146, 3, 38, 2014),
	(147, 3, 39, 2018),
	(148, 3, 39, 2017),
	(149, 3, 39, 2016),
	(150, 3, 39, 2015),
	(151, 3, 40, 2017),
	(152, 3, 40, 2016),
	(153, 3, 40, 2015),
	(154, 3, 40, 2014),
	(155, 4, 41, 2018),
	(156, 4, 41, 2017),
	(157, 4, 41, 2016),
	(158, 4, 42, 2018),
	(159, 4, 42, 2017),
	(160, 4, 42, 2016),
	(161, 4, 42, 2015),
	(162, 4, 43, 2018),
	(163, 4, 43, 2017),
	(164, 4, 43, 2016),
	(165, 4, 43, 2015),
	(166, 4, 44, 2018),
	(167, 4, 44, 2017),
	(168, 4, 44, 2016),
	(169, 4, 45, 2018),
	(170, 4, 45, 2017),
	(171, 4, 45, 2016),
	(172, 4, 45, 2015),
	(173, 4, 46, 2011),
	(174, 4, 46, 2010),
	(175, 4, 46, 2009),
	(176, 4, 46, 2008),
	(177, 4, 47, 2018),
	(178, 4, 47, 2017),
	(179, 4, 47, 2016),
	(180, 4, 47, 2015),
	(181, 4, 48, 2017),
	(182, 4, 48, 2016),
	(183, 4, 48, 2015),
	(184, 4, 48, 2014),
	(185, 5, 49, 2018),
	(186, 5, 49, 2017),
	(187, 5, 49, 2016),
	(188, 5, 49, 2015),
	(189, 5, 50, 2018),
	(190, 5, 50, 2017),
	(191, 5, 50, 2016),
	(192, 5, 51, 2018),
	(193, 5, 51, 2017),
	(194, 5, 51, 2016),
	(195, 5, 51, 2015),
	(196, 5, 52, 2001),
	(197, 5, 52, 2000),
	(198, 5, 53, 2011),
	(199, 5, 53, 2010),
	(200, 5, 53, 2009),
	(201, 5, 53, 2008),
	(202, 5, 54, 2016),
	(203, 5, 54, 2015),
	(204, 5, 54, 2014),
	(205, 5, 55, 2018),
	(206, 5, 55, 2017),
	(207, 5, 55, 2016),
	(208, 5, 55, 2015),
	(209, 5, 56, 2016),
	(210, 5, 56, 2015),
	(211, 5, 56, 2014),
	(212, 5, 56, 2013),
	(213, 5, 57, 2011),
	(214, 5, 57, 2010),
	(215, 5, 57, 2009),
	(216, 5, 57, 2008),
	(217, 5, 58, 2009),
	(218, 5, 58, 2008),
	(219, 5, 58, 2007),
	(220, 5, 58, 2006),
	(221, 5, 59, 2018),
	(222, 5, 59, 2017),
	(223, 5, 60, 2018),
	(224, 5, 60, 2017),
	(225, 5, 60, 2016),
	(226, 5, 60, 2015),
	(227, 6, 61, 2013),
	(228, 6, 61, 2012),
	(229, 6, 61, 2011),
	(230, 6, 61, 2010),
	(231, 6, 62, 2011),
	(232, 6, 62, 2010),
	(233, 6, 62, 2009),
	(234, 6, 62, 2008),
	(235, 6, 63, 2005),
	(236, 6, 63, 2004),
	(237, 6, 63, 2003),
	(238, 6, 63, 2002),
	(239, 6, 64, 2018),
	(240, 6, 64, 2017),
	(241, 6, 65, 2018),
	(242, 6, 65, 2017),
	(243, 6, 65, 2016),
	(244, 6, 65, 2015),
	(245, 6, 66, 2015),
	(246, 6, 66, 2014),
	(247, 6, 66, 2013),
	(248, 6, 66, 2012),
	(249, 6, 67, 2010),
	(250, 6, 67, 2009),
	(251, 6, 67, 2008),
	(252, 6, 67, 2007),
	(253, 6, 68, 2018),
	(254, 6, 68, 2017),
	(255, 6, 68, 2016),
	(256, 6, 68, 2015),
	(257, 6, 69, 2018),
	(258, 6, 69, 2017),
	(259, 6, 69, 2016),
	(260, 6, 69, 2015),
	(261, 6, 70, 2018),
	(262, 6, 70, 2017),
	(263, 6, 70, 2016),
	(264, 6, 70, 2015),
	(265, 6, 71, 2018),
	(266, 6, 71, 2017),
	(267, 6, 71, 2016),
	(268, 6, 71, 2015),
	(269, 6, 72, 2011),
	(270, 6, 72, 2010),
	(271, 6, 72, 2009),
	(272, 6, 72, 2008),
	(273, 6, 73, 2018),
	(274, 6, 73, 2017),
	(275, 6, 73, 2016),
	(276, 6, 73, 2015),
	(277, 6, 74, 2018),
	(278, 6, 74, 2017),
	(279, 6, 74, 2016),
	(280, 6, 74, 2015),
	(281, 6, 75, 2017),
	(282, 6, 75, 2016),
	(283, 6, 75, 2015),
	(284, 6, 75, 2014),
	(285, 6, 76, 2018),
	(286, 6, 76, 2017),
	(287, 6, 76, 2016),
	(288, 6, 76, 2015),
	(289, 6, 77, 2018),
	(290, 6, 77, 2017),
	(291, 6, 77, 2016),
	(292, 6, 77, 2015),
	(293, 6, 78, 2018),
	(294, 6, 78, 2017),
	(295, 6, 78, 2016),
	(296, 6, 78, 2015),
	(297, 6, 79, 2018),
	(298, 6, 79, 2017),
	(299, 6, 79, 2016),
	(300, 6, 79, 2015),
	(301, 6, 80, 2018),
	(302, 6, 80, 2017),
	(303, 6, 80, 2016),
	(304, 6, 80, 2015),
	(305, 6, 81, 2018),
	(306, 6, 81, 2017),
	(307, 6, 81, 2016),
	(308, 6, 81, 2015),
	(309, 6, 82, 2018),
	(310, 6, 82, 2017),
	(311, 6, 82, 2016),
	(312, 6, 82, 2015),
	(313, 6, 83, 2009),
	(314, 6, 83, 2008),
	(315, 6, 83, 2007),
	(316, 6, 83, 2006),
	(317, 6, 84, 2018),
	(318, 6, 84, 2017),
	(319, 6, 84, 2016),
	(320, 6, 84, 2015),
	(321, 6, 85, 2018),
	(322, 6, 85, 2017),
	(323, 6, 85, 2016),
	(324, 6, 85, 2015),
	(325, 6, 86, 2018),
	(326, 6, 86, 2017),
	(327, 6, 86, 2016),
	(328, 6, 86, 2015),
	(329, 7, 87, 2017),
	(330, 7, 87, 2016),
	(331, 7, 87, 2015),
	(332, 7, 87, 2014),
	(333, 7, 88, 2018),
	(334, 7, 88, 2017),
	(335, 7, 88, 2016),
	(336, 7, 88, 2015),
	(337, 7, 89, 2009),
	(338, 7, 89, 2008),
	(339, 7, 89, 2007),
	(340, 7, 90, 2008),
	(341, 7, 90, 2007),
	(342, 7, 90, 2006),
	(343, 7, 90, 2005),
	(344, 7, 91, 2010),
	(345, 7, 91, 2009),
	(346, 7, 91, 2008),
	(347, 7, 91, 2007),
	(348, 7, 92, 2018),
	(349, 7, 92, 2017),
	(350, 7, 92, 2008),
	(351, 7, 92, 2007),
	(352, 7, 93, 2010),
	(353, 7, 93, 2009),
	(354, 7, 93, 2008),
	(355, 7, 93, 2007),
	(356, 7, 94, 2016),
	(357, 7, 94, 2015),
	(358, 7, 94, 2014),
	(359, 7, 94, 2013),
	(360, 8, 95, 2014),
	(361, 8, 95, 2013),
	(362, 8, 95, 2012),
	(363, 8, 95, 2011),
	(364, 8, 96, 2012),
	(365, 8, 96, 2011),
	(366, 8, 96, 2010),
	(367, 8, 96, 2009),
	(368, 8, 97, 2018),
	(369, 8, 97, 2017),
	(370, 8, 97, 2016),
	(371, 8, 97, 2015),
	(372, 8, 98, 2018),
	(373, 8, 98, 2017),
	(374, 8, 98, 2016),
	(375, 8, 98, 2015),
	(376, 8, 99, 2011),
	(377, 8, 99, 2010),
	(378, 8, 99, 2009),
	(379, 8, 99, 2008),
	(380, 8, 100, 2016),
	(381, 8, 100, 2015),
	(382, 8, 100, 2014),
	(383, 8, 100, 2013),
	(384, 8, 101, 2018),
	(385, 8, 101, 2017),
	(386, 8, 101, 2016),
	(387, 8, 101, 2015),
	(388, 8, 102, 2018),
	(389, 8, 102, 2017),
	(390, 8, 102, 2016),
	(391, 8, 102, 2015),
	(392, 8, 103, 2018),
	(393, 8, 103, 2017),
	(394, 8, 103, 2016),
	(395, 8, 103, 2015),
	(396, 8, 104, 2011),
	(397, 8, 104, 2010),
	(398, 8, 104, 2009),
	(399, 8, 104, 2008),
	(400, 8, 105, 2012),
	(401, 8, 105, 2011),
	(402, 8, 105, 2010),
	(403, 8, 105, 2009),
	(404, 8, 106, 2012),
	(405, 8, 106, 2011),
	(406, 8, 106, 2010),
	(407, 8, 106, 2009),
	(408, 8, 107, 2012),
	(409, 8, 107, 2011),
	(410, 8, 107, 2010),
	(411, 8, 107, 2009),
	(412, 8, 108, 2017),
	(413, 8, 108, 2016),
	(414, 8, 108, 2015),
	(415, 8, 108, 2014),
	(416, 9, 109, 2018),
	(417, 9, 109, 2017),
	(418, 9, 110, 2018),
	(419, 9, 110, 2017),
	(420, 9, 110, 2016),
	(421, 9, 110, 2015),
	(422, 9, 111, 2018),
	(423, 9, 111, 2017),
	(424, 9, 111, 2016),
	(425, 9, 111, 2015),
	(426, 9, 112, 2018),
	(427, 9, 112, 2017),
	(428, 9, 112, 2016),
	(429, 10, 113, 2018),
	(430, 10, 113, 2017),
	(431, 10, 113, 2016),
	(432, 10, 113, 2015),
	(433, 10, 114, 2011),
	(434, 10, 114, 2010),
	(435, 10, 114, 2009),
	(436, 10, 114, 2008),
	(437, 10, 115, 2018),
	(438, 10, 116, 2018),
	(439, 10, 116, 2017),
	(440, 10, 116, 2016),
	(441, 10, 116, 2015),
	(442, 10, 117, 2018),
	(443, 10, 117, 2017),
	(444, 10, 117, 2016),
	(445, 10, 117, 2015),
	(446, 10, 118, 2018),
	(447, 10, 118, 2017),
	(448, 10, 118, 2016),
	(449, 10, 118, 2015),
	(450, 10, 119, 2018),
	(451, 10, 119, 2017),
	(452, 10, 119, 2016),
	(453, 10, 119, 2015),
	(454, 10, 120, 2010),
	(455, 10, 120, 2009),
	(456, 10, 120, 2008),
	(457, 10, 120, 2007),
	(458, 10, 121, 2018),
	(459, 10, 121, 2017),
	(460, 10, 121, 2016),
	(461, 10, 121, 2015),
	(462, 10, 122, 2018),
	(463, 10, 122, 2017),
	(464, 10, 122, 2016),
	(465, 10, 122, 2015),
	(466, 10, 123, 2018),
	(467, 10, 123, 2017),
	(468, 10, 123, 2016),
	(469, 10, 123, 2015),
	(470, 10, 124, 2018),
	(471, 10, 124, 2017),
	(472, 10, 124, 2016),
	(473, 10, 124, 2015),
	(474, 10, 125, 2007),
	(475, 10, 125, 2006),
	(476, 10, 125, 2005),
	(477, 10, 126, 2018),
	(478, 10, 126, 2017),
	(479, 10, 126, 2016),
	(480, 10, 126, 2015),
	(481, 10, 127, 2018),
	(482, 10, 127, 2017),
	(483, 10, 127, 2016),
	(484, 10, 127, 2015),
	(485, 10, 128, 2007),
	(486, 10, 128, 2006),
	(487, 10, 128, 2005),
	(488, 10, 128, 2004),
	(489, 10, 129, 2007),
	(490, 10, 129, 2006),
	(491, 10, 129, 2005),
	(492, 10, 130, 2018),
	(493, 10, 130, 2017),
	(494, 10, 130, 2016),
	(495, 10, 130, 2015),
	(496, 10, 131, 2018),
	(497, 10, 131, 2017),
	(498, 10, 131, 2016),
	(499, 10, 131, 2015),
	(500, 10, 132, 2011),
	(501, 10, 132, 2010),
	(502, 10, 132, 2009),
	(503, 10, 132, 2008),
	(504, 10, 133, 2018),
	(505, 10, 133, 2017),
	(506, 10, 133, 2016),
	(507, 10, 133, 2015),
	(508, 10, 134, 2009),
	(509, 10, 134, 2008),
	(510, 10, 135, 2018),
	(511, 10, 135, 2017),
	(512, 10, 135, 2016),
	(513, 10, 135, 2015),
	(514, 10, 136, 2018),
	(515, 10, 136, 2017),
	(516, 10, 136, 2016),
	(517, 10, 136, 2015),
	(518, 11, 137, 2018),
	(519, 11, 137, 2017),
	(520, 11, 137, 2016),
	(521, 11, 137, 2015),
	(522, 11, 138, 2018),
	(523, 11, 138, 2017),
	(524, 11, 138, 2016),
	(525, 11, 138, 2015),
	(526, 11, 139, 2009),
	(527, 11, 139, 2008),
	(528, 11, 139, 2007),
	(529, 11, 139, 2006),
	(530, 11, 140, 2018),
	(531, 11, 140, 2017),
	(532, 11, 140, 2016),
	(533, 11, 140, 2015),
	(534, 11, 141, 2018),
	(535, 11, 141, 2017),
	(536, 11, 141, 2016),
	(537, 11, 141, 2015),
	(538, 11, 142, 2018),
	(539, 11, 142, 2017),
	(540, 11, 142, 2016),
	(541, 11, 142, 2015),
	(542, 11, 143, 2018),
	(543, 11, 143, 2017),
	(544, 11, 143, 2016),
	(545, 11, 143, 2015),
	(546, 11, 144, 2018),
	(547, 11, 144, 2017),
	(548, 11, 144, 2016),
	(549, 11, 144, 2015),
	(550, 11, 145, 2018),
	(551, 11, 145, 2017),
	(552, 11, 145, 2016),
	(553, 11, 145, 2015),
	(554, 12, 146, 2018),
	(555, 12, 146, 2017),
	(556, 12, 147, 2018),
	(557, 12, 147, 2017),
	(558, 13, 148, 2018),
	(559, 13, 148, 2017),
	(560, 13, 148, 2016),
	(561, 13, 148, 2015),
	(562, 13, 149, 2011),
	(563, 13, 149, 2010),
	(564, 13, 150, 2018),
	(565, 13, 150, 2017),
	(566, 13, 150, 2016),
	(567, 13, 150, 2015),
	(568, 13, 151, 2016),
	(569, 13, 151, 2015),
	(570, 13, 151, 2014),
	(571, 13, 151, 2013),
	(572, 13, 152, 2018),
	(573, 13, 152, 2017),
	(574, 13, 152, 2016),
	(575, 13, 152, 2015),
	(576, 13, 153, 2018),
	(577, 13, 153, 2017),
	(578, 13, 154, 2015),
	(579, 13, 154, 2014),
	(580, 13, 154, 2013),
	(581, 13, 154, 2012),
	(582, 13, 155, 2011),
	(583, 13, 155, 2010),
	(584, 13, 155, 2009),
	(585, 13, 155, 2008),
	(586, 13, 156, 2018),
	(587, 13, 156, 2017),
	(588, 13, 156, 2016),
	(589, 13, 156, 2015),
	(590, 13, 157, 2018),
	(591, 13, 157, 2017),
	(592, 13, 157, 2016),
	(593, 13, 158, 2014),
	(594, 13, 158, 2013),
	(595, 13, 158, 2012),
	(596, 13, 158, 2011),
	(597, 13, 159, 2018),
	(598, 13, 159, 2017),
	(599, 13, 159, 2016),
	(600, 13, 159, 2015),
	(601, 13, 160, 2018),
	(602, 13, 160, 2017),
	(603, 13, 160, 2016),
	(604, 13, 160, 2015),
	(605, 13, 161, 2018),
	(606, 13, 161, 2017),
	(607, 13, 161, 2014),
	(608, 13, 161, 2013),
	(609, 13, 162, 2009),
	(610, 13, 162, 2008),
	(611, 13, 162, 2007),
	(612, 13, 162, 2006),
	(613, 14, 163, 2018),
	(614, 14, 163, 2017),
	(615, 14, 163, 2016),
	(616, 14, 163, 2015),
	(617, 14, 164, 2017),
	(618, 14, 164, 2016),
	(619, 14, 164, 2015),
	(620, 14, 164, 2014),
	(621, 14, 165, 2018),
	(622, 14, 165, 2017),
	(623, 14, 165, 2016),
	(624, 14, 165, 2015),
	(625, 14, 166, 2018),
	(626, 14, 166, 2017),
	(627, 14, 166, 2016),
	(628, 14, 166, 2015),
	(629, 14, 167, 2009),
	(630, 14, 167, 2008),
	(631, 14, 167, 2007),
	(632, 14, 168, 2016),
	(633, 14, 168, 2015),
	(634, 14, 168, 2014),
	(635, 14, 168, 2013),
	(636, 14, 169, 2016),
	(637, 14, 169, 2015),
	(638, 14, 169, 2014),
	(639, 14, 169, 2013),
	(640, 14, 170, 2016),
	(641, 14, 170, 2015),
	(642, 14, 170, 2014),
	(643, 14, 170, 2013),
	(644, 14, 171, 2018),
	(645, 14, 171, 2017),
	(646, 14, 172, 2018),
	(647, 14, 173, 2018),
	(648, 14, 173, 2017),
	(649, 14, 173, 2016),
	(650, 14, 173, 2015),
	(651, 14, 174, 2018),
	(652, 14, 174, 2017),
	(653, 14, 174, 2016),
	(654, 14, 174, 2015),
	(655, 14, 175, 2018),
	(656, 14, 175, 2017),
	(657, 14, 175, 2016),
	(658, 14, 175, 2015),
	(659, 14, 176, 2008),
	(660, 14, 176, 2007),
	(661, 14, 176, 2006),
	(662, 14, 176, 2005),
	(663, 14, 177, 2018),
	(664, 14, 177, 2017),
	(665, 14, 177, 2016),
	(666, 14, 177, 2015),
	(667, 14, 178, 2017),
	(668, 14, 178, 2016),
	(669, 14, 178, 2015),
	(670, 14, 178, 2014),
	(671, 14, 179, 2012),
	(672, 14, 179, 2011),
	(673, 14, 179, 2010),
	(674, 14, 179, 2009),
	(675, 14, 180, 2006),
	(676, 14, 180, 2005),
	(677, 14, 180, 2004),
	(678, 14, 180, 2003),
	(679, 15, 181, 2013),
	(680, 15, 181, 2012),
	(681, 15, 181, 2011),
	(682, 15, 181, 2010),
	(683, 15, 182, 2013),
	(684, 15, 182, 2012),
	(685, 15, 182, 2011),
	(686, 15, 182, 2010),
	(687, 15, 183, 2013),
	(688, 15, 183, 2012),
	(689, 15, 183, 2011),
	(690, 15, 183, 2010),
	(691, 15, 184, 2013),
	(692, 15, 185, 2013),
	(693, 15, 185, 2012),
	(694, 15, 185, 2011),
	(695, 15, 185, 2010),
	(696, 15, 186, 2007),
	(697, 15, 186, 2006),
	(698, 15, 186, 2005),
	(699, 15, 186, 2004),
	(700, 15, 187, 2018),
	(701, 15, 187, 2017),
	(702, 15, 187, 2016),
	(703, 15, 187, 2015),
	(704, 15, 188, 2018),
	(705, 15, 188, 2017),
	(706, 15, 188, 2015),
	(707, 15, 188, 2014),
	(708, 15, 189, 2018),
	(709, 15, 189, 2017),
	(710, 15, 189, 2016),
	(711, 15, 189, 2015),
	(712, 15, 190, 2013),
	(713, 15, 190, 2012),
	(714, 15, 190, 2011),
	(715, 15, 190, 2010),
	(716, 15, 191, 2018),
	(717, 15, 191, 2017),
	(718, 15, 192, 2003),
	(719, 15, 192, 2002),
	(720, 15, 192, 2001),
	(721, 15, 192, 2000),
	(722, 15, 193, 2018),
	(723, 15, 193, 2017),
	(724, 15, 193, 2016),
	(725, 15, 193, 2015),
	(726, 15, 194, 2018),
	(727, 15, 194, 2017),
	(728, 15, 194, 2016),
	(729, 15, 194, 2015),
	(730, 15, 195, 2017),
	(731, 15, 195, 2016),
	(732, 15, 195, 2015),
	(733, 15, 195, 2014),
	(734, 15, 196, 2018),
	(735, 15, 196, 2017),
	(736, 15, 196, 2016),
	(737, 15, 196, 2015),
	(738, 16, 197, 2018),
	(739, 16, 198, 2018),
	(740, 16, 198, 2017),
	(741, 16, 199, 2018),
	(742, 16, 199, 2017),
	(743, 16, 199, 2016),
	(744, 16, 199, 2015),
	(745, 16, 200, 2008),
	(746, 16, 200, 2007),
	(747, 16, 200, 2006),
	(748, 16, 200, 2005),
	(749, 16, 201, 2008),
	(750, 16, 201, 2007),
	(751, 16, 201, 2006),
	(752, 16, 201, 2005),
	(753, 16, 202, 2018),
	(754, 16, 202, 2017),
	(755, 16, 203, 2018),
	(756, 16, 203, 2017),
	(757, 16, 203, 2016),
	(758, 16, 203, 2015),
	(759, 16, 204, 2018),
	(760, 16, 204, 2017),
	(761, 16, 204, 2016),
	(762, 16, 204, 2015),
	(763, 16, 205, 2015),
	(764, 16, 205, 2014),
	(765, 16, 205, 2013),
	(766, 16, 205, 2012),
	(767, 17, 206, 2018),
	(768, 17, 206, 2017),
	(769, 17, 206, 2016),
	(770, 17, 206, 2015),
	(771, 17, 207, 2010),
	(772, 17, 207, 2009),
	(773, 17, 207, 2008),
	(774, 17, 207, 2007),
	(775, 17, 208, 2018),
	(776, 17, 208, 2017),
	(777, 17, 208, 2016),
	(778, 17, 208, 2015),
	(779, 17, 209, 2018),
	(780, 17, 209, 2017),
	(781, 17, 209, 2016),
	(782, 17, 209, 2015),
	(783, 17, 210, 2012),
	(784, 17, 210, 2011),
	(785, 17, 210, 2010),
	(786, 17, 210, 2009),
	(787, 17, 211, 2017),
	(788, 17, 211, 2016),
	(789, 17, 211, 2015),
	(790, 17, 211, 2014),
	(791, 17, 212, 2018),
	(792, 17, 212, 2017),
	(793, 17, 212, 2016),
	(794, 17, 212, 2015),
	(795, 17, 213, 2018),
	(796, 17, 213, 2017),
	(797, 17, 213, 2016),
	(798, 17, 213, 2015),
	(799, 18, 214, 2009),
	(800, 18, 214, 2008),
	(801, 18, 214, 2007),
	(802, 18, 214, 2006),
	(803, 18, 215, 2009),
	(804, 18, 216, 2018),
	(805, 18, 216, 2017),
	(806, 18, 216, 2016),
	(807, 18, 216, 2015),
	(808, 18, 217, 2018),
	(809, 18, 217, 2017),
	(810, 18, 217, 2016),
	(811, 18, 217, 2015),
	(812, 18, 218, 2017),
	(813, 18, 218, 2016),
	(814, 18, 218, 2015),
	(815, 18, 219, 2018),
	(816, 18, 219, 2017),
	(817, 18, 220, 2018),
	(818, 18, 220, 2017),
	(819, 18, 220, 2016),
	(820, 18, 220, 2015),
	(821, 18, 221, 2018),
	(822, 18, 221, 2017),
	(823, 18, 221, 2016),
	(824, 18, 221, 2015),
	(825, 18, 222, 2010),
	(826, 18, 222, 2009),
	(827, 18, 222, 2008),
	(828, 18, 222, 2007),
	(829, 18, 223, 2018),
	(830, 18, 223, 2017),
	(831, 18, 223, 2016),
	(832, 18, 223, 2015),
	(833, 18, 224, 2018),
	(834, 18, 224, 2017),
	(835, 18, 224, 2016),
	(836, 18, 224, 2015),
	(837, 18, 225, 2018),
	(838, 18, 225, 2017),
	(839, 18, 225, 2016),
	(840, 18, 225, 2015),
	(841, 18, 226, 2009),
	(842, 18, 226, 2008),
	(843, 18, 226, 2007),
	(844, 18, 226, 2006),
	(845, 18, 227, 2018),
	(846, 18, 227, 2017),
	(847, 18, 227, 2016),
	(848, 18, 227, 2015),
	(849, 18, 228, 2018),
	(850, 19, 229, 2018),
	(851, 19, 229, 2017),
	(852, 19, 229, 2004),
	(853, 19, 229, 2003),
	(854, 19, 230, 2018),
	(855, 19, 230, 2017),
	(856, 19, 230, 2016),
	(857, 19, 230, 2015),
	(858, 19, 231, 2006),
	(859, 19, 231, 2005),
	(860, 19, 231, 2004),
	(861, 19, 231, 2003),
	(862, 19, 232, 2015),
	(863, 19, 232, 2014),
	(864, 19, 232, 2013),
	(865, 19, 232, 2012),
	(866, 19, 233, 2009),
	(867, 19, 233, 2008),
	(868, 19, 233, 2007),
	(869, 19, 233, 2006),
	(870, 19, 234, 2016),
	(871, 19, 234, 2015),
	(872, 19, 234, 2014),
	(873, 19, 234, 2013),
	(874, 19, 235, 2018),
	(875, 19, 235, 2017),
	(876, 19, 235, 2016),
	(877, 19, 235, 2015),
	(878, 19, 236, 2018),
	(879, 19, 236, 2017),
	(880, 19, 236, 2016),
	(881, 19, 236, 2015),
	(882, 19, 237, 2018),
	(883, 19, 237, 2017),
	(884, 19, 237, 2016),
	(885, 19, 237, 2015),
	(886, 19, 238, 2018),
	(887, 20, 239, 2017),
	(888, 20, 239, 2016),
	(889, 20, 239, 2015),
	(890, 20, 239, 2014),
	(891, 20, 240, 2018),
	(892, 20, 240, 2017),
	(893, 20, 240, 2016),
	(894, 20, 240, 2015),
	(895, 20, 241, 2018),
	(896, 20, 241, 2017),
	(897, 20, 241, 2016),
	(898, 20, 241, 2015),
	(899, 20, 242, 2018),
	(900, 20, 242, 2017),
	(901, 20, 242, 2016),
	(902, 20, 242, 2015),
	(903, 20, 243, 2012),
	(904, 20, 243, 2011),
	(905, 20, 243, 2010),
	(906, 20, 244, 2018),
	(907, 20, 244, 2017),
	(908, 20, 244, 2016),
	(909, 20, 244, 2015),
	(910, 20, 245, 2018),
	(911, 20, 246, 2018),
	(912, 20, 246, 2017),
	(913, 20, 246, 2016),
	(914, 20, 246, 2015),
	(915, 20, 247, 2018),
	(916, 20, 247, 2017),
	(917, 20, 247, 2016),
	(918, 20, 247, 2015),
	(919, 20, 248, 2018),
	(920, 20, 248, 2017),
	(921, 20, 248, 2016),
	(922, 20, 248, 2015),
	(923, 20, 249, 2018),
	(924, 20, 249, 2017),
	(925, 20, 249, 2016),
	(926, 20, 249, 2015),
	(927, 20, 250, 2018),
	(928, 20, 250, 2017),
	(929, 20, 250, 2016),
	(930, 20, 250, 2015),
	(931, 20, 251, 2018),
	(932, 20, 252, 2010),
	(933, 20, 252, 2009),
	(934, 20, 252, 2008),
	(935, 20, 252, 2007),
	(936, 21, 253, 2005),
	(937, 21, 253, 2004),
	(938, 21, 253, 2003),
	(939, 21, 254, 2018),
	(940, 21, 254, 2017),
	(941, 21, 254, 2002),
	(942, 21, 254, 2001),
	(943, 21, 255, 2018),
	(944, 21, 255, 2017),
	(945, 21, 255, 2016),
	(946, 21, 255, 2015),
	(947, 21, 256, 2016),
	(948, 21, 256, 2015),
	(949, 21, 256, 2014),
	(950, 21, 256, 2013),
	(951, 21, 257, 2018),
	(952, 21, 257, 2017),
	(953, 21, 257, 2016),
	(954, 21, 257, 2015),
	(955, 21, 258, 2018),
	(956, 21, 258, 2017),
	(957, 21, 258, 2016),
	(958, 21, 258, 2015),
	(959, 21, 259, 2018),
	(960, 21, 259, 2017),
	(961, 21, 259, 2016),
	(962, 21, 259, 2015),
	(963, 21, 260, 2008),
	(964, 21, 260, 2007),
	(965, 21, 260, 2006),
	(966, 21, 261, 2018),
	(967, 21, 261, 2017),
	(968, 21, 261, 2016),
	(969, 21, 261, 2015),
	(970, 21, 262, 2011),
	(971, 21, 262, 2010),
	(972, 21, 262, 2009),
	(973, 21, 262, 2008),
	(974, 21, 263, 2006),
	(975, 22, 264, 2018),
	(976, 22, 264, 2017),
	(977, 22, 264, 2016),
	(978, 22, 264, 2015),
	(979, 22, 265, 2018),
	(980, 22, 265, 2017),
	(981, 23, 266, 2014),
	(982, 23, 266, 2013),
	(983, 23, 266, 2012),
	(984, 23, 266, 2011),
	(985, 23, 267, 2018),
	(986, 23, 267, 2017),
	(987, 23, 267, 2016),
	(988, 23, 267, 2015),
	(989, 23, 268, 2015),
	(990, 23, 268, 2014),
	(991, 23, 268, 2013),
	(992, 23, 268, 2012),
	(993, 23, 269, 2018),
	(994, 23, 269, 2017),
	(995, 23, 269, 2016),
	(996, 23, 269, 2015),
	(997, 23, 270, 2009),
	(998, 23, 270, 2008),
	(999, 23, 270, 2007),
	(1000, 23, 270, 2006),
	(1001, 23, 271, 2018),
	(1002, 23, 271, 2017),
	(1003, 23, 271, 2016),
	(1004, 23, 272, 2018),
	(1005, 23, 272, 2017),
	(1006, 23, 272, 2016),
	(1007, 23, 272, 2015),
	(1008, 23, 273, 2012),
	(1009, 23, 273, 2011),
	(1010, 23, 273, 2010),
	(1011, 23, 273, 2009),
	(1012, 23, 274, 2018),
	(1013, 23, 274, 2017),
	(1014, 23, 274, 2016),
	(1015, 23, 274, 2015),
	(1016, 23, 275, 2006),
	(1017, 23, 275, 2005),
	(1018, 23, 275, 2004),
	(1019, 23, 275, 2003),
	(1020, 23, 276, 2018),
	(1021, 23, 276, 2017),
	(1022, 23, 276, 2016),
	(1023, 23, 276, 2015),
	(1024, 23, 277, 2011),
	(1025, 23, 277, 2010),
	(1026, 23, 277, 2009),
	(1027, 23, 277, 2008),
	(1028, 23, 278, 2011),
	(1029, 23, 278, 2010),
	(1030, 23, 278, 2009),
	(1031, 23, 278, 2008),
	(1032, 24, 279, 2018),
	(1033, 24, 279, 2017),
	(1034, 24, 279, 2016),
	(1035, 24, 280, 2017),
	(1036, 24, 280, 2016),
	(1037, 24, 280, 2015),
	(1038, 24, 280, 2014),
	(1039, 24, 281, 2018),
	(1040, 24, 281, 2017),
	(1041, 24, 281, 2016),
	(1042, 24, 281, 2015),
	(1043, 24, 282, 2014),
	(1044, 24, 282, 2013),
	(1045, 24, 282, 2012),
	(1046, 24, 282, 2011),
	(1047, 24, 283, 2018),
	(1048, 24, 283, 2017),
	(1049, 24, 283, 2016),
	(1050, 24, 283, 2015),
	(1051, 24, 284, 2009),
	(1052, 24, 284, 2008),
	(1053, 24, 284, 2007),
	(1054, 24, 284, 2006),
	(1055, 24, 285, 2018),
	(1056, 24, 285, 2017),
	(1057, 24, 285, 2016),
	(1058, 24, 285, 2015),
	(1059, 24, 286, 2018),
	(1060, 24, 286, 2017),
	(1061, 24, 286, 2016),
	(1062, 24, 286, 2015),
	(1063, 24, 287, 2016),
	(1064, 24, 287, 2015),
	(1065, 24, 287, 2014),
	(1066, 24, 287, 2013),
	(1067, 24, 288, 2018),
	(1068, 24, 288, 2017),
	(1069, 24, 288, 2016),
	(1070, 24, 288, 2015),
	(1071, 24, 289, 2018),
	(1072, 24, 289, 2017),
	(1073, 24, 289, 2016),
	(1074, 24, 290, 2018),
	(1075, 24, 290, 2017),
	(1076, 24, 291, 2018),
	(1077, 24, 291, 2017),
	(1078, 24, 291, 2016),
	(1079, 24, 292, 2018),
	(1080, 24, 292, 2017),
	(1081, 24, 292, 2016),
	(1082, 24, 293, 2015),
	(1083, 24, 293, 2014),
	(1084, 24, 293, 2013),
	(1085, 24, 293, 2012),
	(1086, 24, 294, 2018),
	(1087, 24, 294, 2017),
	(1088, 24, 295, 2015),
	(1089, 24, 295, 2014),
	(1090, 24, 295, 2013),
	(1091, 24, 295, 2012),
	(1092, 24, 296, 2018),
	(1093, 24, 296, 2017),
	(1094, 24, 296, 2016),
	(1095, 24, 297, 2012),
	(1096, 24, 297, 2011),
	(1097, 24, 297, 2010),
	(1098, 24, 297, 2009),
	(1099, 24, 298, 2018),
	(1100, 24, 298, 2017),
	(1101, 24, 298, 2016),
	(1102, 24, 298, 2015),
	(1103, 24, 299, 2018),
	(1104, 24, 299, 2017),
	(1105, 24, 299, 2016),
	(1106, 24, 299, 2015),
	(1107, 24, 300, 2018),
	(1108, 24, 300, 2017),
	(1109, 24, 301, 2016),
	(1110, 24, 301, 2015),
	(1111, 24, 301, 2014),
	(1112, 24, 301, 2013),
	(1113, 25, 302, 2002),
	(1114, 25, 302, 2001),
	(1115, 25, 302, 2000),
	(1116, 25, 303, 2011),
	(1117, 25, 303, 2010),
	(1118, 25, 303, 2009),
	(1119, 25, 303, 2008),
	(1120, 25, 304, 2011),
	(1121, 25, 304, 2010),
	(1122, 25, 304, 2009),
	(1123, 25, 304, 2008),
	(1124, 25, 305, 2011),
	(1125, 25, 305, 2010),
	(1126, 25, 305, 2009),
	(1127, 25, 305, 2008),
	(1128, 25, 306, 2007),
	(1129, 25, 306, 2006),
	(1130, 25, 306, 2005),
	(1131, 25, 307, 2007),
	(1132, 25, 307, 2006),
	(1133, 25, 307, 2005),
	(1134, 25, 307, 2004),
	(1135, 25, 308, 2010),
	(1136, 25, 308, 2009),
	(1137, 25, 308, 2008),
	(1138, 25, 308, 2007),
	(1139, 25, 309, 2009),
	(1140, 25, 309, 2008),
	(1141, 25, 309, 2005),
	(1142, 25, 309, 2004),
	(1143, 25, 310, 2002),
	(1144, 25, 310, 2001),
	(1145, 25, 310, 2000),
	(1146, 26, 311, 2018),
	(1147, 26, 311, 2017),
	(1148, 26, 311, 2016),
	(1149, 26, 311, 2015),
	(1150, 26, 312, 2018),
	(1151, 26, 312, 2017),
	(1152, 26, 312, 2016),
	(1153, 26, 312, 2015),
	(1154, 26, 313, 2018),
	(1155, 26, 313, 2017),
	(1156, 26, 313, 2016),
	(1157, 26, 313, 2015),
	(1158, 26, 314, 2016),
	(1159, 26, 314, 2015),
	(1160, 26, 314, 2014),
	(1161, 26, 314, 2013),
	(1162, 27, 315, 2012),
	(1163, 27, 315, 2011),
	(1164, 27, 315, 2010),
	(1165, 27, 315, 2009),
	(1166, 27, 316, 2018),
	(1167, 27, 317, 2011),
	(1168, 27, 317, 2010),
	(1169, 27, 317, 2009),
	(1170, 27, 317, 2008),
	(1171, 27, 318, 2012),
	(1172, 27, 318, 2011),
	(1173, 27, 318, 2010),
	(1174, 27, 318, 2009),
	(1175, 27, 319, 2017),
	(1176, 27, 319, 2016),
	(1177, 27, 319, 2015),
	(1178, 27, 319, 2014),
	(1179, 27, 320, 2018),
	(1180, 27, 320, 2017),
	(1181, 27, 320, 2016),
	(1182, 27, 320, 2015),
	(1183, 27, 321, 2018),
	(1184, 27, 321, 2017),
	(1185, 27, 321, 2016),
	(1186, 27, 321, 2015),
	(1187, 27, 322, 2018),
	(1188, 27, 322, 2017),
	(1189, 27, 322, 2016),
	(1190, 27, 322, 2015),
	(1191, 27, 323, 2017),
	(1192, 27, 323, 2016),
	(1193, 27, 323, 2014),
	(1194, 27, 323, 2013),
	(1195, 28, 324, 2018),
	(1196, 28, 324, 2017),
	(1197, 28, 324, 2016),
	(1198, 28, 324, 2015),
	(1199, 28, 325, 2018),
	(1200, 28, 325, 2017),
	(1201, 28, 325, 2015),
	(1202, 28, 325, 2014),
	(1203, 28, 326, 2014),
	(1204, 28, 326, 2013),
	(1205, 28, 326, 2012),
	(1206, 28, 326, 2011),
	(1207, 28, 327, 2018),
	(1208, 28, 327, 2017),
	(1209, 28, 327, 2016),
	(1210, 28, 327, 2015),
	(1211, 28, 328, 2018),
	(1212, 28, 328, 2017),
	(1213, 28, 328, 2016),
	(1214, 28, 328, 2015),
	(1215, 28, 329, 2017),
	(1216, 28, 329, 2016),
	(1217, 28, 329, 2015),
	(1218, 28, 329, 2014),
	(1219, 28, 330, 2018),
	(1220, 28, 331, 2018),
	(1221, 28, 331, 2017),
	(1222, 28, 331, 2016),
	(1223, 28, 331, 2015),
	(1224, 28, 332, 2018),
	(1225, 28, 332, 2017),
	(1226, 28, 332, 2016),
	(1227, 28, 332, 2014),
	(1228, 28, 333, 2018),
	(1229, 28, 333, 2017),
	(1230, 28, 333, 2016),
	(1231, 28, 333, 2015),
	(1232, 28, 334, 2018),
	(1233, 28, 334, 2017),
	(1234, 28, 334, 2016),
	(1235, 28, 334, 2015),
	(1236, 28, 335, 2017),
	(1237, 28, 335, 2016),
	(1238, 28, 335, 2015),
	(1239, 28, 335, 2014),
	(1240, 28, 336, 2018),
	(1241, 28, 336, 2017),
	(1242, 28, 336, 2016),
	(1243, 28, 336, 2015),
	(1244, 28, 337, 2018),
	(1245, 28, 337, 2017),
	(1246, 28, 338, 2018),
	(1247, 28, 338, 2017),
	(1248, 28, 338, 2016),
	(1249, 28, 338, 2015),
	(1250, 28, 339, 2018),
	(1251, 28, 339, 2017),
	(1252, 28, 339, 2015),
	(1253, 28, 339, 2014),
	(1254, 28, 340, 2018),
	(1255, 28, 340, 2017),
	(1256, 28, 340, 2016),
	(1257, 28, 341, 2018),
	(1258, 28, 341, 2017),
	(1259, 28, 341, 2016),
	(1260, 28, 341, 2015),
	(1261, 28, 342, 2012),
	(1262, 28, 342, 2011),
	(1263, 28, 342, 2010),
	(1264, 28, 342, 2009),
	(1265, 28, 343, 2018),
	(1266, 28, 343, 2017),
	(1267, 28, 343, 2016),
	(1268, 28, 343, 2015),
	(1269, 28, 344, 2015),
	(1270, 28, 344, 2014),
	(1271, 28, 344, 2013),
	(1272, 28, 344, 2012),
	(1273, 28, 345, 2018),
	(1274, 28, 345, 2017),
	(1275, 28, 345, 2016),
	(1276, 28, 345, 2015),
	(1277, 29, 346, 2006),
	(1278, 29, 346, 2005),
	(1279, 29, 346, 2004),
	(1280, 29, 346, 2003),
	(1281, 29, 347, 2006),
	(1282, 29, 347, 2005),
	(1283, 29, 347, 2004),
	(1284, 29, 347, 2003),
	(1285, 29, 348, 2009),
	(1286, 29, 348, 2008),
	(1287, 29, 348, 2007),
	(1288, 29, 349, 2010),
	(1289, 29, 349, 2009),
	(1290, 29, 349, 2008),
	(1291, 29, 349, 2007),
	(1292, 29, 350, 2009),
	(1293, 29, 350, 2008),
	(1294, 29, 351, 2006),
	(1295, 29, 351, 2005),
	(1296, 29, 351, 2004),
	(1297, 29, 352, 2008),
	(1298, 29, 352, 2007),
	(1299, 29, 352, 2006),
	(1300, 29, 352, 2005),
	(1301, 29, 353, 2009),
	(1302, 29, 353, 2008),
	(1303, 29, 353, 2007),
	(1304, 29, 353, 2006),
	(1305, 29, 354, 2009),
	(1306, 29, 354, 2008),
	(1307, 29, 354, 2007),
	(1308, 29, 354, 2006),
	(1309, 29, 355, 2010),
	(1310, 29, 355, 2009),
	(1311, 29, 355, 2008),
	(1312, 29, 355, 2007),
	(1313, 30, 356, 2018),
	(1314, 30, 356, 2017),
	(1315, 30, 357, 2018),
	(1316, 30, 357, 2017),
	(1317, 30, 358, 2018),
	(1318, 30, 358, 2017),
	(1319, 30, 358, 2016),
	(1320, 30, 358, 2015),
	(1321, 30, 359, 2016),
	(1322, 30, 359, 2015),
	(1323, 30, 359, 2014),
	(1324, 30, 359, 2013),
	(1325, 30, 360, 2018),
	(1326, 30, 360, 2017),
	(1327, 30, 360, 2016),
	(1328, 30, 360, 2015),
	(1329, 30, 361, 2016),
	(1330, 30, 361, 2015),
	(1331, 30, 361, 2014),
	(1332, 30, 361, 2013),
	(1333, 30, 362, 2018),
	(1334, 30, 362, 2017),
	(1335, 30, 362, 2016),
	(1336, 30, 362, 2015),
	(1337, 30, 363, 2018),
	(1338, 30, 363, 2017),
	(1339, 30, 363, 2016),
	(1340, 30, 363, 2015),
	(1341, 31, 364, 2012),
	(1342, 31, 364, 2011),
	(1343, 31, 364, 2010),
	(1344, 31, 364, 2009),
	(1345, 31, 365, 2011),
	(1346, 31, 365, 2010),
	(1347, 31, 365, 2009),
	(1348, 31, 365, 2008),
	(1349, 31, 366, 2009),
	(1350, 31, 366, 2008),
	(1351, 31, 366, 2007),
	(1352, 31, 366, 2006),
	(1353, 32, 367, 2008),
	(1354, 32, 368, 2009),
	(1355, 32, 368, 2008),
	(1356, 32, 368, 2007),
	(1357, 32, 369, 2009),
	(1358, 32, 369, 2008),
	(1359, 32, 369, 2007),
	(1360, 32, 370, 2009),
	(1361, 32, 370, 2008),
	(1362, 32, 370, 2007),
	(1363, 32, 371, 2009),
	(1364, 32, 371, 2008),
	(1365, 32, 371, 2007),
	(1366, 32, 371, 2006),
	(1367, 33, 372, 2016),
	(1368, 33, 372, 2015),
	(1369, 33, 372, 2014),
	(1370, 33, 372, 2013),
	(1371, 33, 373, 2016),
	(1372, 33, 374, 2016),
	(1373, 33, 375, 2015),
	(1374, 33, 375, 2014),
	(1375, 33, 375, 2013),
	(1376, 33, 375, 2012),
	(1377, 33, 376, 2016),
	(1378, 33, 376, 2015),
	(1379, 33, 376, 2014),
	(1380, 33, 376, 2013),
	(1381, 33, 377, 2006),
	(1382, 33, 377, 2005),
	(1383, 33, 377, 2004),
	(1384, 33, 378, 2015),
	(1385, 33, 378, 2014),
	(1386, 33, 378, 2013),
	(1387, 33, 378, 2012),
	(1388, 33, 379, 2014),
	(1389, 33, 379, 2013),
	(1390, 33, 379, 2012),
	(1391, 33, 379, 2011),
	(1392, 34, 380, 2018),
	(1393, 34, 380, 2017),
	(1394, 34, 380, 2016),
	(1395, 34, 380, 2015),
	(1396, 35, 381, 2018),
	(1397, 35, 381, 2017),
	(1398, 35, 381, 2016),
	(1399, 35, 381, 2015),
	(1400, 35, 382, 2018),
	(1401, 35, 382, 2017),
	(1402, 35, 382, 2016),
	(1403, 35, 383, 2018),
	(1404, 35, 383, 2017),
	(1405, 35, 383, 2016),
	(1406, 35, 383, 2015),
	(1407, 35, 384, 2018),
	(1408, 35, 384, 2017),
	(1409, 35, 384, 2016),
	(1410, 35, 384, 2015),
	(1411, 35, 385, 2014),
	(1412, 35, 385, 2013),
	(1413, 35, 385, 2012),
	(1414, 35, 385, 2011),
	(1415, 35, 386, 2018),
	(1416, 35, 386, 2017),
	(1417, 35, 386, 2016),
	(1418, 35, 386, 2015),
	(1419, 35, 387, 2018),
	(1420, 35, 387, 2017),
	(1421, 35, 387, 2016),
	(1422, 35, 387, 2015),
	(1423, 35, 388, 2014),
	(1424, 35, 388, 2013),
	(1425, 35, 388, 2012),
	(1426, 35, 388, 2011),
	(1427, 35, 389, 2018),
	(1428, 35, 389, 2017),
	(1429, 35, 389, 2016),
	(1430, 35, 389, 2015),
	(1431, 35, 390, 2016),
	(1432, 35, 390, 2015),
	(1433, 35, 390, 2014),
	(1434, 35, 390, 2013),
	(1435, 36, 391, 2012),
	(1436, 36, 391, 2011),
	(1437, 36, 391, 2010),
	(1438, 36, 391, 2009),
	(1439, 36, 392, 2008),
	(1440, 36, 392, 2007),
	(1441, 36, 392, 2006),
	(1442, 36, 392, 2005),
	(1443, 36, 393, 2013),
	(1444, 36, 393, 2012),
	(1445, 36, 393, 2011),
	(1446, 36, 393, 2010),
	(1447, 36, 394, 2013),
	(1448, 36, 394, 2012),
	(1449, 36, 394, 2011),
	(1450, 36, 394, 2010),
	(1451, 36, 395, 2013),
	(1452, 36, 395, 2012),
	(1453, 36, 395, 2011),
	(1454, 36, 395, 2010),
	(1455, 37, 396, 2018),
	(1456, 37, 396, 2017),
	(1457, 37, 397, 2018),
	(1458, 37, 397, 2017),
	(1459, 37, 397, 2016),
	(1460, 37, 397, 2015),
	(1461, 37, 398, 2018),
	(1462, 37, 398, 2017),
	(1463, 37, 398, 2016),
	(1464, 38, 399, 2018),
	(1465, 38, 399, 2017),
	(1466, 38, 399, 2016),
	(1467, 38, 399, 2015),
	(1468, 38, 400, 2018),
	(1469, 38, 400, 2017),
	(1470, 38, 401, 2018),
	(1471, 38, 401, 2017),
	(1472, 38, 401, 2016),
	(1473, 38, 401, 2015),
	(1474, 38, 402, 2018),
	(1475, 38, 403, 2018),
	(1476, 38, 403, 2017),
	(1477, 38, 403, 2016),
	(1478, 38, 403, 2015),
	(1479, 38, 404, 2008),
	(1480, 38, 404, 2007),
	(1481, 38, 404, 2006),
	(1482, 38, 404, 2005),
	(1483, 38, 405, 2018),
	(1484, 38, 405, 2017),
	(1485, 38, 405, 2016),
	(1486, 38, 405, 2015),
	(1487, 38, 406, 2018),
	(1488, 38, 406, 2017),
	(1489, 38, 407, 2014),
	(1490, 38, 407, 2013),
	(1491, 38, 407, 2012),
	(1492, 38, 407, 2011),
	(1493, 38, 408, 2018),
	(1494, 38, 408, 2017),
	(1495, 38, 408, 2016),
	(1496, 38, 408, 2015),
	(1497, 38, 409, 2018),
	(1498, 38, 409, 2017),
	(1499, 38, 409, 2016),
	(1500, 38, 409, 2015),
	(1501, 38, 410, 2013),
	(1502, 38, 410, 2012),
	(1503, 38, 410, 2011),
	(1504, 38, 410, 2010),
	(1505, 38, 411, 2018),
	(1506, 38, 411, 2017),
	(1507, 38, 411, 2016),
	(1508, 38, 412, 2018),
	(1509, 38, 412, 2017),
	(1510, 38, 412, 2016),
	(1511, 38, 412, 2015),
	(1512, 38, 413, 2018),
	(1513, 38, 413, 2017),
	(1514, 38, 413, 2016),
	(1515, 38, 413, 2015),
	(1516, 38, 414, 2018),
	(1517, 38, 414, 2017),
	(1518, 38, 415, 2018),
	(1519, 38, 415, 2017),
	(1520, 38, 415, 2016),
	(1521, 38, 415, 2015),
	(1522, 38, 416, 2018),
	(1523, 38, 416, 2017),
	(1524, 38, 416, 2016),
	(1525, 38, 416, 2015),
	(1526, 38, 417, 2018),
	(1527, 38, 417, 2017),
	(1528, 38, 417, 2016),
	(1529, 38, 417, 2015),
	(1530, 38, 418, 2018),
	(1531, 38, 418, 2017),
	(1532, 38, 418, 2016),
	(1533, 38, 418, 2015),
	(1534, 38, 419, 2018),
	(1535, 38, 419, 2017),
	(1536, 38, 419, 2016),
	(1537, 38, 419, 2015),
	(1538, 38, 420, 2018),
	(1539, 38, 420, 2017),
	(1540, 38, 420, 2016),
	(1541, 38, 420, 2015),
	(1542, 38, 421, 2015),
	(1543, 38, 421, 2014),
	(1544, 38, 421, 2013),
	(1545, 38, 421, 2012),
	(1546, 38, 422, 2018),
	(1547, 38, 422, 2017),
	(1548, 38, 422, 2016),
	(1549, 38, 422, 2015),
	(1550, 38, 423, 2018),
	(1551, 38, 423, 2017),
	(1552, 39, 424, 2018),
	(1553, 39, 425, 2018),
	(1554, 39, 425, 2017),
	(1555, 39, 425, 2016),
	(1556, 39, 425, 2015),
	(1557, 39, 426, 2017),
	(1558, 39, 426, 2016),
	(1559, 39, 426, 2015),
	(1560, 39, 426, 2014),
	(1561, 39, 427, 2016),
	(1562, 39, 427, 2015),
	(1563, 39, 427, 2014),
	(1564, 39, 427, 2013),
	(1565, 39, 428, 2018),
	(1566, 39, 428, 2017),
	(1567, 39, 428, 2016),
	(1568, 39, 428, 2015),
	(1569, 39, 429, 2018),
	(1570, 39, 429, 2017),
	(1571, 39, 429, 2016),
	(1572, 39, 429, 2015),
	(1573, 39, 430, 2018),
	(1574, 39, 430, 2017),
	(1575, 39, 431, 2018),
	(1576, 39, 431, 2017),
	(1577, 39, 431, 2016),
	(1578, 39, 431, 2015),
	(1579, 39, 432, 2018),
	(1580, 39, 432, 2017),
	(1581, 39, 432, 2016),
	(1582, 39, 432, 2015),
	(1583, 39, 433, 2018),
	(1584, 39, 433, 2017),
	(1585, 39, 433, 2016),
	(1586, 39, 433, 2015),
	(1587, 39, 434, 2009),
	(1588, 39, 434, 2008),
	(1589, 39, 434, 2007),
	(1590, 39, 435, 2014),
	(1591, 39, 435, 2013),
	(1592, 39, 435, 2012),
	(1593, 39, 435, 2011),
	(1594, 39, 436, 2018),
	(1595, 39, 436, 2017),
	(1596, 39, 436, 2016),
	(1597, 39, 436, 2015),
	(1598, 39, 437, 2017),
	(1599, 39, 437, 2016),
	(1600, 39, 437, 2015),
	(1601, 39, 437, 2014),
	(1602, 40, 438, 2013),
	(1603, 40, 438, 2012),
	(1604, 40, 438, 2011),
	(1605, 40, 438, 2010),
	(1606, 40, 439, 2013),
	(1607, 40, 439, 2012),
	(1608, 40, 439, 2011),
	(1609, 40, 439, 2010),
	(1610, 40, 440, 2011),
	(1611, 40, 440, 2010),
	(1612, 40, 440, 2009),
	(1613, 40, 440, 2008),
	(1614, 40, 441, 2018),
	(1615, 40, 441, 2017),
	(1616, 40, 441, 2016),
	(1617, 40, 441, 2015),
	(1618, 40, 442, 2016),
	(1619, 40, 442, 2015),
	(1620, 40, 442, 2014),
	(1621, 40, 442, 2013),
	(1622, 40, 443, 2018),
	(1623, 40, 443, 2017),
	(1624, 40, 444, 2011),
	(1625, 40, 444, 2010),
	(1626, 40, 444, 2009),
	(1627, 40, 444, 2008),
	(1628, 40, 445, 2018),
	(1629, 40, 445, 2017),
	(1630, 40, 445, 2016),
	(1631, 40, 445, 2015),
	(1632, 40, 446, 2010),
	(1633, 40, 446, 2009),
	(1634, 40, 446, 2008),
	(1635, 40, 446, 2007),
	(1636, 40, 447, 2018),
	(1637, 40, 447, 2017),
	(1638, 40, 447, 2016),
	(1639, 40, 447, 2015),
	(1640, 40, 448, 2016),
	(1641, 40, 448, 2015),
	(1642, 40, 448, 2014),
	(1643, 40, 448, 2013)
;

INSERT INTO AutoPartsStore.Employees(LastName, FirstName, Title, Email, PrimaryPhone,SecondaryPhone, Address, City, State, ZipCode, Notes)
VALUES
	('Adams', 'Douglas', 'Admin', 'dadams@autopartsstore.com', '9999999999', '9999999999', '42 Swain''s Lane', 'Highgate', 'GA', '69013-0042', 'Lorem ipsum So long and thanks for all the fish.'),
	('Terry', 'Louis', 'Sales', 'lterry@autopartsstore.com', '0433223280', '0414953820', 'Ap #948-7229 Varius Avenue', 'Smoky Lake', 'GA', '77997-2435', 'Lorem ipsum dolor sit amet, consectetuer adipiscing elit. Curabitur sed tortor. Integer aliquam adipiscing lacus. Ut nec urna et arcu imperdiet ullamcorper. Duis at lacus. Quisque purus sapien, gravida non, sollicitudin a, malesuada id, erat. Etiam vestibulum massa rutrum magna. Cras'),
	('Craft', 'Timon', 'Marketing', 'tcraft@autopartsstore.com', '8822974760', '1383514860', '585-6204 Enim. Road', 'Temuka', 'GA', '37640-4837', 'Lorem ipsum dolor sit amet, consectetuer adipiscing elit. Curabitur sed tortor. Integer aliquam adipiscing lacus. Ut nec urna et arcu imperdiet ullamcorper. Duis at lacus. Quisque purus sapien, gravida non, sollicitudin a, malesuada id, erat. Etiam vestibulum massa'),
	('Gibson', 'Derek', 'IT', 'dgibson@autopartsstore.com', '8514202140', '9627497700', 'P.O. Box 277, 380 In Road', 'Wabamun', 'GA', '91727-4352', 'Lorem ipsum dolor sit amet, consectetuer adipiscing elit. Curabitur sed tortor. Integer aliquam adipiscing lacus. Ut nec'),
	('Rojas', 'Hadley', 'Mechanic', 'hrojas@autopartsstore.com', '2647042610', '8800636560', '656-8676 Lobortis Ave', 'Laino Castello', 'GA', '76190-3317', 'Lorem ipsum dolor sit amet, consectetuer adipiscing elit. Curabitur sed tortor. Integer aliquam adipiscing lacus. Ut nec urna et arcu imperdiet ullamcorper. Duis at lacus. Quisque purus sapien, gravida non, sollicitudin a, malesuada id, erat. Etiam vestibulum massa rutrum magna. Cras convallis convallis'),
	('West', 'Rylee', 'Sales', 'rwest@autopartsstore.com', '1710825110', '6860433950', 'P.O. Box 759, 7221 Felis Rd.', 'Lanark County', 'GA', '30840-1049', 'Lorem ipsum dolor sit amet, consectetuer'),
	('Deleon', 'Ora', 'Marketing', 'odeleon@autopartsstore.com', '6497002980', '5596999910', '3249 Nunc Street', 'Portico e San Benedetto', 'GA', '86271-9684', 'Lorem ipsum dolor sit amet, consectetuer adipiscing elit. Curabitur sed tortor. Integer aliquam adipiscing lacus. Ut nec urna et arcu imperdiet ullamcorper. Duis at lacus. Quisque purus sapien, gravida non, sollicitudin a, malesuada id, erat. Etiam vestibulum'),
	('Solomon', 'Cailin', 'IT', 'csolomon@autopartsstore.com', '1834266760', '1650960440', 'Ap #217-6818 Mauris Avenue', 'Cles', 'GA', '46448-6294', 'Lorem ipsum dolor sit amet, consectetuer adipiscing elit. Curabitur sed tortor. Integer aliquam adipiscing lacus. Ut nec urna et arcu imperdiet ullamcorper. Duis at lacus. Quisque purus sapien, gravida non, sollicitudin a, malesuada id, erat. Etiam vestibulum massa rutrum magna. Cras convallis convallis dolor. Quisque tincidunt pede ac urna. Ut'),
	('Callahan', 'Erin', 'Mechanic', 'ecallahan@autopartsstore.com', '6405676290', '6406208790', '8012 Orci. Avenue', 'Buguma', 'GA', '78641-3550', 'Lorem ipsum dolor sit amet, consectetuer adipiscing elit. Curabitur sed tortor. Integer aliquam adipiscing lacus. Ut nec urna et arcu imperdiet ullamcorper. Duis at lacus. Quisque purus sapien, gravida non, sollicitudin a, malesuada id, erat. Etiam'),
	('Cleveland', 'Arthur', 'Sales', 'acleveland@autopartsstore.com', '5597016720', '6819573540', '748-862 Egestas Ave', 'Oostmalle', 'GA', '53708-3828', 'Lorem ipsum dolor sit amet, consectetuer adipiscing elit. Curabitur sed tortor. Integer aliquam adipiscing lacus. Ut nec urna et arcu imperdiet ullamcorper. Duis at lacus. Quisque'),
	('Bonner', 'Carl', 'Marketing', 'cbonner@autopartsstore.com', '6422310310', '2962515420', '162-3587 Bibendum. Road', 'Arsoli', 'GA', '22573-8447', 'Lorem ipsum dolor sit amet, consectetuer adipiscing elit. Curabitur sed tortor. Integer aliquam adipiscing lacus. Ut nec urna et arcu imperdiet ullamcorper. Duis at lacus. Quisque purus sapien, gravida non, sollicitudin'),
	('Tucker', 'Shea', 'IT', 'stucker@autopartsstore.com', '7249670960', '1082158920', '470-2909 Dui. St.', 'Vlezenbeek', 'GA', '56848-8930', 'Lorem ipsum dolor sit amet, consectetuer adipiscing elit. Curabitur sed tortor. Integer aliquam adipiscing lacus. Ut nec urna et'),
	('Shannon', 'Lesley', 'Mechanic', 'lshannon@autopartsstore.com', '2566428290', '1030985740', 'Ap #253-1683 Velit St.', 'Andernach', 'GA', '35395-0051', 'Lorem ipsum dolor sit amet, consectetuer adipiscing elit. Curabitur sed tortor. Integer aliquam adipiscing lacus. Ut nec urna et arcu imperdiet ullamcorper. Duis at lacus. Quisque purus'),
	('Burgess', 'Malik', 'Sales', 'mburgess@autopartsstore.com', '9406615650', '6373153660', '3824 Eget St.', 'Cornwall', 'GA', '79674-3720', 'Lorem ipsum dolor sit'),
	('Phillips', 'Jena', 'Marketing', 'jphillips@autopartsstore.com', '0709308690', '3008261370', 'P.O. Box 834, 747 Odio Avenue', 'Candidoni', 'GA', '13739-2012', 'Lorem ipsum dolor sit amet, consectetuer adipiscing elit. Curabitur sed tortor. Integer aliquam adipiscing lacus. Ut nec urna et arcu imperdiet ullamcorper. Duis at lacus. Quisque purus sapien, gravida non, sollicitudin a, malesuada id, erat. Etiam vestibulum massa rutrum magna.'),
	('Meyer', 'Dexter', 'IT', 'dmeyer@autopartsstore.com', '0692830690', '1069042540', 'P.O. Box 383, 9790 Eros Street', 'Wilskerke', 'GA', '76160-2393', 'Lorem ipsum dolor sit amet, consectetuer adipiscing elit. Curabitur sed tortor. Integer aliquam adipiscing lacus. Ut nec urna et arcu imperdiet ullamcorper. Duis at'),
	('Martin', 'Chancellor', 'Mechanic', 'cmartin@autopartsstore.com', '4014047050', '5812915630', '2484 Proin Av.', 'Tuscaloosa', 'GA', '63220-9209', 'Lorem ipsum dolor'),
	('Phelps', 'Zoe', 'Sales', 'zphelps@autopartsstore.com', '6089247670', '4334535960', 'P.O. Box 284, 9497 Nunc St.', 'Boulogne-Billancourt', 'GA', '75021-7696', 'Lorem ipsum dolor sit amet, consectetuer adipiscing elit. Curabitur sed tortor. Integer aliquam adipiscing lacus. Ut nec urna et arcu imperdiet ullamcorper. Duis at lacus. Quisque purus sapien, gravida non, sollicitudin a,'),
	('Ballard', 'Nehru', 'Marketing', 'nballard@autopartsstore.com', '7956245930', '5714540360', '3966 Vel, Av.', 'Dehri', 'GA', '79074-2563', 'Lorem'),
	('Lawson', 'Cole', 'IT', 'clawson@autopartsstore.com', '8918113280', '4026757520', '8847 Nunc Road', 'Aalen', 'GA', '04259-8034', 'Lorem ipsum dolor sit amet, consectetuer adipiscing elit. Curabitur sed tortor. Integer aliquam adipiscing lacus. Ut nec urna et arcu imperdiet ullamcorper. Duis at lacus. Quisque purus sapien, gravida non, sollicitudin a, malesuada id, erat. Etiam'),
	('Jensen', 'Ronan', 'Mechanic', 'rjensen@autopartsstore.com', '3051726200', '3627988890', 'Ap #894-2566 Quisque Road', 'Chattanooga', 'GA', '29145-7269', 'Lorem ipsum dolor sit amet, consectetuer adipiscing elit. Curabitur sed tortor. Integer aliquam adipiscing lacus. Ut nec urna et arcu imperdiet ullamcorper. Duis at lacus. Quisque purus sapien, gravida non, sollicitudin a, malesuada id, erat. Etiam vestibulum massa'),
	('Marquez', 'Christian', 'Sales', 'cmarquez@autopartsstore.com', '1228828730', '7089651690', '111-3551 Sem St.', 'New Orleans', 'GA', '52579-6215', 'Lorem ipsum dolor sit amet, consectetuer adipiscing elit. Curabitur sed tortor. Integer aliquam'),
	('Colon', 'Chadwick', 'Marketing', 'ccolon@autopartsstore.com', '7755054730', '3681200710', 'P.O. Box 480, 4174 Mauris Rd.', 'Huizingen', 'GA', '08507-9556', 'Lorem ipsum dolor sit amet, consectetuer'),
	('Hoover', 'Avye', 'IT', 'ahoover@autopartsstore.com', '2708905140', '6568283150', '104-5679 Sagittis St.', 'Dijon', 'GA', '24484-4511', 'Lorem ipsum dolor sit amet, consectetuer adipiscing elit. Curabitur sed tortor. Integer aliquam adipiscing lacus. Ut nec urna'),
	('Chavez', 'Ramona', 'Mechanic', 'rchavez@autopartsstore.com', '5688982220', '8235403550', '189-5071 Fringilla Street', 'Malartic', 'GA', '84807-2130', 'Lorem ipsum dolor sit amet, consectetuer adipiscing elit. Curabitur sed tortor. Integer aliquam adipiscing lacus. Ut nec urna et arcu imperdiet ullamcorper. Duis at'),
	('Lynn', 'Lacota', 'Sales', 'llynn@autopartsstore.com', '2732368210', '8866003430', '5692 Sit Avenue', 'Kelkheim', 'GA', '68860-5931', 'Lorem ipsum dolor sit amet, consectetuer adipiscing elit. Curabitur sed tortor. Integer aliquam adipiscing lacus. Ut nec urna et arcu imperdiet ullamcorper. Duis at lacus. Quisque'),
	('Valentine', 'Noelani', 'Marketing', 'nvalentine@autopartsstore.com', '3951265960', '8322754350', '996-5517 Duis St.', 'Dendermonde', 'GA', '89189-1983', 'Lorem ipsum dolor sit amet, consectetuer adipiscing elit. Curabitur sed tortor. Integer aliquam adipiscing'),
	('Diaz', 'Rudyard', 'IT', 'rdiaz@autopartsstore.com', '3580801330', '1543765240', 'Ap #901-153 Euismod Ave', 'Kemzeke', 'GA', '37903-1085', 'Lorem ipsum'),
	('Vincent', 'Mikayla', 'Mechanic', 'mvincent@autopartsstore.com', '9089050140', '3431570750', '3827 Parturient Rd.', 'Malegaon', 'GA', '55618-3371', 'Lorem ipsum dolor sit amet, consectetuer adipiscing elit. Curabitur sed tortor. Integer aliquam adipiscing lacus. Ut nec urna et arcu imperdiet ullamcorper. Duis at lacus. Quisque purus sapien, gravida non, sollicitudin a, malesuada id, erat. Etiam vestibulum massa rutrum magna. Cras convallis convallis'),
	('Gibbs', 'Orson', 'Sales', 'ogibbs@autopartsstore.com', '5214565590', '5395922980', 'P.O. Box 926, 8136 Donec Av.', 'Grado', 'GA', '82567-3430', 'Lorem ipsum dolor sit amet, consectetuer adipiscing elit. Curabitur sed'),
	('Kent', 'Darius', 'Marketing', 'dkent@autopartsstore.com', '2056131370', '9666097150', '101-8944 Arcu. Street', 'South Dum Dum', 'GA', '17719-4022', 'Lorem ipsum dolor sit amet, consectetuer adipiscing elit.'),
	('Gross', 'Wyatt', 'IT', 'wgross@autopartsstore.com', '5615872000', '4955194150', '1378 Nibh. St.', 'Radebeul', 'GA', '38958-6093', 'Lorem ipsum dolor sit amet, consectetuer'),
	('Dillon', 'Emi', 'Mechanic', 'edillon@autopartsstore.com', '4715957300', '9530400830', 'P.O. Box 180, 8115 Eu, Ave', 'Bergama', 'GA', '91219-2067', 'Lorem ipsum dolor sit amet, consectetuer adipiscing elit. Curabitur sed tortor. Integer'),
	('Ramos', 'Kibo', 'Sales', 'kramos@autopartsstore.com', '4939395470', '1069239510', 'Ap #421-7335 Erat Avenue', 'Motta Sant''Anastasia', 'GA', '31818-8769', 'Lorem ipsum dolor sit amet, consectetuer adipiscing elit. Curabitur sed tortor. Integer aliquam adipiscing lacus. Ut nec urna et arcu imperdiet ullamcorper. Duis at lacus. Quisque purus sapien, gravida non, sollicitudin a, malesuada id, erat.'),
	('Roach', 'Autumn', 'Marketing', 'aroach@autopartsstore.com', '3351227350', '4421327730', '284-1970 Urna St.', 'Leverkusen', 'GA', '19131-9698', 'Lorem ipsum dolor sit amet, consectetuer adipiscing elit. Curabitur sed tortor. Integer aliquam adipiscing lacus. Ut nec urna et arcu imperdiet ullamcorper. Duis at lacus. Quisque purus sapien, gravida non, sollicitudin a, malesuada id, erat. Etiam vestibulum massa rutrum magna. Cras convallis'),
	('Mcpherson', 'Lester', 'IT', 'lmcpherson@autopartsstore.com', '0475665300', '4228017980', '3921 Ut Av.', 'Holyhead', 'GA', '73213-9550', 'Lorem ipsum dolor sit amet, consectetuer adipiscing elit. Curabitur sed tortor. Integer aliquam adipiscing lacus. Ut nec urna et arcu imperdiet ullamcorper. Duis at lacus. Quisque purus sapien, gravida non, sollicitudin a, malesuada id, erat. Etiam vestibulum'),
	('Byers', 'Mona', 'Mechanic', 'mbyers@autopartsstore.com', '1853857910', '2618055480', 'P.O. Box 367, 4029 Lorem Ave', 'Rishra', 'GA', '07776-7204', 'Lorem ipsum dolor sit amet, consectetuer adipiscing elit. Curabitur sed tortor. Integer aliquam adipiscing lacus. Ut nec urna et arcu imperdiet ullamcorper. Duis at lacus. Quisque purus sapien, gravida non, sollicitudin a,'),
	('Whitfield', 'Germaine', 'Sales', 'gwhitfield@autopartsstore.com', '0262660430', '0008265720', 'Ap #206-6224 Aliquet Av.', 'Chester', 'GA', '87918-2068', 'Lorem ipsum dolor sit amet, consectetuer adipiscing elit. Curabitur sed tortor. Integer aliquam adipiscing lacus. Ut nec urna'),
	('Alston', 'Wyatt', 'Marketing', 'walston@autopartsstore.com', '9223827940', '3701806880', 'P.O. Box 604, 2756 Convallis Street', 'Mathura', 'GA', '41016-8388', 'Lorem ipsum dolor sit amet, consectetuer adipiscing elit. Curabitur sed tortor. Integer aliquam adipiscing lacus. Ut nec urna et'),
	('Gentry', 'Igor', 'IT', 'igentry@autopartsstore.com', '6670216840', '9882359560', '1896 Eu St.', 'Balclutha', 'GA', '49768-6963', 'Lorem ipsum dolor sit amet, consectetuer adipiscing elit. Curabitur sed tortor. Integer aliquam adipiscing lacus. Ut nec urna et arcu imperdiet ullamcorper. Duis at'),
	('Coleman', 'Cain', 'Mechanic', 'ccoleman@autopartsstore.com', '1297331600', '7986241740', 'P.O. Box 658, 8565 Dolor St.', 'Collecchio', 'GA', '52785-0707', 'Lorem ipsum dolor sit amet, consectetuer adipiscing elit.'),
	('Hutchinson', 'Jennifer', 'Sales', 'jhutchinson@autopartsstore.com', '3912825660', '2165533280', '251-103 Eleifend Rd.', 'Bogaarden', 'GA', '07201-6684', 'Lorem ipsum dolor sit amet, consectetuer adipiscing elit. Curabitur sed tortor.'),
	('Valdez', 'Oprah', 'Marketing', 'ovaldez@autopartsstore.com', '1004480100', '4865066210', '492-7094 Augue St.', 'Pietragalla', 'GA', '65240-0956', 'Lorem ipsum dolor sit amet, consectetuer adipiscing elit. Curabitur sed tortor. Integer aliquam adipiscing lacus. Ut nec urna et arcu imperdiet'),
	('Guzman', 'Branden', 'IT', 'bguzman@autopartsstore.com', '6219329130', '3552378760', 'P.O. Box 492, 4974 Aliquet Road', 'Chelsea', 'GA', '78432-9228', 'Lorem ipsum dolor sit amet, consectetuer adipiscing elit. Curabitur sed tortor. Integer aliquam adipiscing lacus. Ut nec urna et arcu imperdiet ullamcorper. Duis at lacus. Quisque purus sapien, gravida non, sollicitudin a, malesuada id, erat. Etiam vestibulum massa rutrum magna.'),
	('Charles', 'Blaze', 'Mechanic', 'bcharles@autopartsstore.com', '1633174030', '3529854190', 'P.O. Box 344, 2851 Nulla Rd.', 'Baton Rouge', 'GA', '30405-6816', 'Lorem ipsum dolor sit amet, consectetuer adipiscing elit. Curabitur sed tortor. Integer aliquam adipiscing lacus. Ut nec urna et arcu imperdiet ullamcorper. Duis at lacus. Quisque purus sapien, gravida non,'),
	('Alford', 'Clayton', 'Sales', 'calford@autopartsstore.com', '4600824580', '6249183950', '656-5378 Varius Road', 'Huppaye', 'GA', '57573-3825', 'Lorem ipsum dolor sit amet, consectetuer adipiscing elit. Curabitur sed tortor. Integer aliquam adipiscing lacus. Ut nec urna et arcu imperdiet ullamcorper. Duis at lacus. Quisque purus sapien, gravida non, sollicitudin a, malesuada id, erat. Etiam vestibulum massa rutrum magna. Cras convallis convallis dolor.'),
	('Arnold', 'Kyra', 'Marketing', 'karnold@autopartsstore.com', '2769538830', '2789897430', 'Ap #740-5468 Vitae St.', 'Glendon', 'GA', '52989-1692', 'Lorem ipsum dolor sit amet, consectetuer adipiscing elit. Curabitur sed tortor. Integer aliquam adipiscing lacus. Ut nec urna et arcu imperdiet ullamcorper. Duis at lacus. Quisque purus sapien, gravida non, sollicitudin a, malesuada id, erat. Etiam'),
	('Vance', 'Ray', 'IT', 'rvance@autopartsstore.com', '7036339100', '7530274290', 'Ap #536-3138 Eu, Street', 'Fourbechies', 'GA', '24452-0572', 'Lorem ipsum dolor sit amet, consectetuer adipiscing elit. Curabitur sed tortor. Integer aliquam adipiscing lacus. Ut nec urna et arcu imperdiet ullamcorper. Duis at lacus.'),
	('Silva', 'Cora', 'Mechanic', 'csilva@autopartsstore.com', '4733169940', '1893131810', 'P.O. Box 372, 5184 Ullamcorper, Street', 'Cercemaggiore', 'GA', '08831-5944', 'Lorem ipsum dolor sit amet, consectetuer adipiscing elit. Curabitur sed tortor. Integer aliquam adipiscing lacus. Ut nec'),
	('Cameron', 'Evan', 'Sales', 'ecameron@autopartsstore.com', '7062456960', '7356336540', 'Ap #134-1304 Aliquam Road', 'Fraser-Fort George', 'GA', '77930-0064', 'Lorem ipsum dolor sit amet, consectetuer adipiscing elit. Curabitur sed tortor. Integer aliquam adipiscing lacus. Ut nec urna et arcu imperdiet ullamcorper. Duis at lacus. Quisque purus sapien, gravida non, sollicitudin a, malesuada id, erat. Etiam vestibulum massa rutrum magna. Cras convallis convallis dolor. Quisque tincidunt'),
	('Wong', 'Hu', 'Marketing', 'hwong@autopartsstore.com', '9738308850', '5810194130', '8965 Curae; Ave', 'Meridian', 'GA', '06158-9081', 'Lorem ipsum dolor sit amet, consectetuer adipiscing elit. Curabitur sed tortor. Integer aliquam adipiscing lacus. Ut nec urna et arcu imperdiet ullamcorper. Duis at lacus. Quisque purus sapien, gravida non, sollicitudin a, malesuada id, erat. Etiam vestibulum massa rutrum magna. Cras convallis convallis'),
	('Reyes', 'Ella', 'IT', 'ereyes@autopartsstore.com', '7257320640', '1386668540', 'Ap #784-9688 Penatibus Street', 'Ludhiana', 'GA', '46706-9658', 'Lorem ipsum dolor sit amet, consectetuer adipiscing elit. Curabitur sed tortor. Integer aliquam adipiscing lacus. Ut nec urna et arcu imperdiet ullamcorper. Duis at lacus. Quisque purus sapien, gravida'),
	('Garner', 'Dakota', 'Mechanic', 'dgarner@autopartsstore.com', '9675209160', '8559138500', '7383 Et Road', 'Haridwar', 'GA', '51714-9883', 'Lorem ipsum dolor sit amet, consectetuer adipiscing elit. Curabitur sed tortor. Integer aliquam adipiscing lacus. Ut nec urna et arcu imperdiet ullamcorper. Duis at lacus. Quisque purus sapien, gravida non, sollicitudin a, malesuada id, erat. Etiam vestibulum massa rutrum magna.'),
	('Bates', 'Robert', 'Sales', 'rbates@autopartsstore.com', '0544048570', '9452806610', '1352 Vel Rd.', 'Sadiqabad', 'GA', '00583-1294', 'Lorem ipsum dolor sit amet, consectetuer adipiscing elit. Curabitur sed tortor. Integer aliquam adipiscing lacus. Ut nec urna et arcu imperdiet ullamcorper. Duis at lacus.'),
	('Nicholson', 'Bell', 'Marketing', 'bnicholson@autopartsstore.com', '9203562260', '0960752960', 'P.O. Box 719, 3014 Sed Ave', 'Oliver', 'GA', '24159-4921', 'Lorem ipsum dolor sit'),
	('Wilder', 'Barrett', 'IT', 'bwilder@autopartsstore.com', '1249484050', '8537166640', 'Ap #996-3387 Erat Avenue', 'Hompr', 'GA', '15140-0173', 'Lorem ipsum dolor sit amet, consectetuer adipiscing elit. Curabitur sed tortor. Integer aliquam adipiscing lacus. Ut nec urna et arcu imperdiet ullamcorper. Duis at lacus. Quisque purus sapien, gravida non, sollicitudin a, malesuada id, erat. Etiam vestibulum massa rutrum magna. Cras convallis convallis dolor. Quisque tincidunt pede ac'),
	('Norman', 'Mohammad', 'Mechanic', 'mnorman@autopartsstore.com', '3555691710', '9847726290', 'Ap #690-3540 Elit St.', 'Deerlijk', 'GA', '88759-3772', 'Lorem ipsum dolor'),
	('Reynolds', 'Prescott', 'Sales', 'preynolds@autopartsstore.com', '2967001880', '8295203150', '9917 Fermentum St.', 'Valbrevenna', 'GA', '20652-0688', 'Lorem ipsum dolor sit amet, consectetuer adipiscing elit. Curabitur sed tortor. Integer aliquam adipiscing lacus. Ut nec urna et arcu imperdiet ullamcorper. Duis at lacus. Quisque'),
	('Fitzgerald', 'Gavin', 'Marketing', 'gfitzgerald@autopartsstore.com', '4827477090', '6617599480', 'Ap #637-1880 Bibendum Road', 'Orvault', 'GA', '40533-7342', 'Lorem ipsum dolor sit'),
	('Galloway', 'Callie', 'IT', 'cgalloway@autopartsstore.com', '8220081900', '5191705080', 'P.O. Box 690, 5404 Netus Rd.', 'Siena', 'GA', '29346-3977', 'Lorem ipsum dolor sit amet, consectetuer adipiscing elit. Curabitur sed tortor. Integer aliquam adipiscing lacus. Ut nec urna et arcu imperdiet ullamcorper. Duis at lacus. Quisque purus sapien, gravida non,'),
	('Tyson', 'Chadwick', 'Mechanic', 'ctyson@autopartsstore.com', '2794003500', '2677051210', '426-6454 Fermentum Rd.', 'Frstenwalde', 'GA', '56099-9328', 'Lorem ipsum dolor sit amet, consectetuer adipiscing elit. Curabitur sed tortor. Integer aliquam adipiscing lacus.'),
	('Newman', 'Yvonne', 'Sales', 'ynewman@autopartsstore.com', '8325380060', '6626606770', '3299 Malesuada Street', 'Shawinigan', 'GA', '47065-5239', 'Lorem ipsum dolor sit amet, consectetuer adipiscing elit. Curabitur sed tortor. Integer aliquam adipiscing lacus. Ut nec urna et arcu imperdiet ullamcorper. Duis at lacus. Quisque purus sapien, gravida non, sollicitudin a, malesuada'),
	('Ingram', 'Scarlet', 'Marketing', 'singram@autopartsstore.com', '4416078480', '4866348560', '198-6208 Ornare Rd.', 'Southaven', 'GA', '92584-9732', 'Lorem'),
	('Beasley', 'Hermione', 'IT', 'hbeasley@autopartsstore.com', '7353020570', '1118343220', 'P.O. Box 618, 574 Rutrum Avenue', 'Brusson', 'GA', '87537-2325', 'Lorem ipsum dolor sit amet, consectetuer adipiscing elit. Curabitur'),
	('Nixon', 'Ignatius', 'Mechanic', 'inixon@autopartsstore.com', '4394847990', '7490015340', 'Ap #106-6253 Tincidunt Av.', 'Vieux-Genappe', 'GA', '90198-9636', 'Lorem ipsum dolor sit amet, consectetuer adipiscing elit. Curabitur sed tortor. Integer aliquam adipiscing lacus. Ut nec urna et arcu'),
	('Hoover', 'Conan', 'Sales', 'choover@autopartsstore.com', '7567729310', '9537529350', '736-8080 Morbi Street', 'Lloydminster', 'GA', '29350-7156', 'Lorem ipsum dolor sit amet, consectetuer adipiscing elit. Curabitur sed tortor. Integer aliquam adipiscing lacus. Ut nec urna et arcu imperdiet ullamcorper. Duis at lacus. Quisque purus sapien, gravida non, sollicitudin a, malesuada id, erat. Etiam vestibulum massa rutrum magna. Cras convallis'),
	('Hill', 'Alexa', 'Marketing', 'ahill@autopartsstore.com', '7425924560', '7760811820', 'P.O. Box 730, 942 Mauris. Street', 'Blaenau Ffestiniog', 'GA', '73118-9695', 'Lorem ipsum dolor sit amet,'),
	('Sawyer', 'Daquan', 'IT', 'dsawyer@autopartsstore.com', '1157791000', '3813255070', '7327 Vulputate, Road', 'Konstanz', 'GA', '82802-0545', 'Lorem ipsum dolor sit amet, consectetuer adipiscing elit. Curabitur sed tortor. Integer aliquam adipiscing lacus. Ut nec urna et arcu imperdiet ullamcorper. Duis at lacus. Quisque purus sapien,'),
	('Powell', 'Tamekah', 'Mechanic', 'tpowell@autopartsstore.com', '9451210610', '8646305410', 'P.O. Box 863, 3593 Curabitur Ave', 'Gifhorn', 'GA', '16465-4551', 'Lorem ipsum dolor sit amet, consectetuer adipiscing elit. Curabitur sed tortor. Integer'),
	('Brady', 'Leigh', 'Sales', 'lbrady@autopartsstore.com', '5562183930', '7083492270', 'P.O. Box 465, 9719 Eget Rd.', 'Milestone', 'GA', '06206-9881', 'Lorem ipsum dolor sit amet, consectetuer'),
	('Hooper', 'Yvonne', 'Marketing', 'yhooper@autopartsstore.com', '0721548400', '4470663620', 'P.O. Box 708, 7801 Tempus Road', 'Dresden', 'GA', '64092-2135', 'Lorem ipsum dolor sit amet,'),
	('Dejesus', 'Macy', 'IT', 'mdejesus@autopartsstore.com', '2361575240', '8333625270', 'Ap #686-2583 Phasellus Ave', 'Notre-Dame-de-la-Salette', 'GA', '67873-3970', 'Lorem ipsum dolor sit amet, consectetuer adipiscing elit. Curabitur'),
	('Coffey', 'Merritt', 'Mechanic', 'mcoffey@autopartsstore.com', '3841258030', '1408054720', 'P.O. Box 441, 3560 Malesuada Avenue', 'Oostkerke', 'GA', '49972-1759', 'Lorem ipsum dolor sit amet, consectetuer adipiscing elit. Curabitur sed tortor. Integer aliquam adipiscing lacus. Ut nec urna et arcu imperdiet ullamcorper. Duis at lacus. Quisque purus sapien, gravida non, sollicitudin a, malesuada id, erat. Etiam vestibulum massa rutrum magna. Cras convallis convallis dolor. Quisque tincidunt pede ac urna.'),
	('Meadows', 'Vladimir', 'Sales', 'vmeadows@autopartsstore.com', '3921570420', '6916853240', '9403 Erat Rd.', 'Nakusp', 'GA', '85960-1497', 'Lorem ipsum dolor sit amet, consectetuer adipiscing elit. Curabitur sed tortor. Integer aliquam adipiscing lacus. Ut nec urna et arcu imperdiet ullamcorper. Duis at lacus. Quisque purus sapien, gravida non, sollicitudin a, malesuada id, erat. Etiam vestibulum massa rutrum magna. Cras convallis convallis dolor. Quisque tincidunt pede ac urna. Ut'),
	('Pennington', 'Jonas', 'Marketing', 'jpennington@autopartsstore.com', '9381263530', '4093140160', 'Ap #346-7161 Erat Ave', 'Naperville', 'GA', '25642-7365', 'Lorem ipsum dolor sit amet, consectetuer adipiscing elit. Curabitur'),
	('Navarro', 'Britanni', 'IT', 'bnavarro@autopartsstore.com', '7249849920', '8048482160', '618-4200 Leo Ave', 'Vieux-Genappe', 'GA', '16311-7504', 'Lorem ipsum dolor sit amet, consectetuer adipiscing elit. Curabitur'),
	('Colon', 'Garrett', 'Mechanic', 'gcolon@autopartsstore.com', '0193230960', '7474353990', '6519 Sem Avenue', 'Pangnirtung', 'GA', '70390-0830', 'Lorem ipsum dolor sit amet, consectetuer adipiscing elit. Curabitur sed tortor. Integer aliquam adipiscing lacus. Ut nec urna et arcu imperdiet ullamcorper. Duis at lacus. Quisque purus sapien, gravida non, sollicitudin a,'),
	('Horne', 'Mona', 'Sales', 'mhorne@autopartsstore.com', '1370477460', '3690737150', '755-1507 Ultricies Road', 'Cincinnati', 'GA', '20599-7776', 'Lorem ipsum dolor sit'),
	('Parker', 'Tarik', 'Marketing', 'tparker@autopartsstore.com', '3529428990', '6198657370', 'P.O. Box 837, 7656 Pede. Av.', 'Comox', 'GA', '15209-0611', 'Lorem ipsum dolor sit amet, consectetuer adipiscing elit. Curabitur sed tortor.'),
	('Cross', 'Tanner', 'IT', 'tcross@autopartsstore.com', '7248578580', '2093804600', '113-624 Aliquet Ave', 'Fraserburgh', 'GA', '66514-1297', 'Lorem ipsum dolor sit amet, consectetuer adipiscing elit. Curabitur sed tortor. Integer aliquam adipiscing lacus. Ut nec urna et arcu imperdiet ullamcorper.'),
	('George', 'Odysseus', 'Mechanic', 'ogeorge@autopartsstore.com', '4649465400', '2151105670', 'P.O. Box 298, 9583 Mauris Rd.', 'Halifax', 'GA', '30858-7792', 'Lorem ipsum dolor sit amet, consectetuer adipiscing elit. Curabitur sed tortor. Integer aliquam adipiscing lacus. Ut nec urna et arcu imperdiet ullamcorper. Duis at lacus. Quisque purus sapien, gravida non, sollicitudin a,'),
	('Vasquez', 'Montana', 'Sales', 'mvasquez@autopartsstore.com', '2582281600', '1523305230', 'Ap #253-9228 Non Rd.', 'Calle Larga', 'GA', '32824-0708', 'Lorem ipsum dolor sit amet, consectetuer adipiscing elit. Curabitur sed tortor. Integer aliquam adipiscing lacus. Ut nec urna et arcu imperdiet ullamcorper. Duis at lacus. Quisque purus sapien, gravida non,'),
	('Cole', 'Jana', 'Marketing', 'jcole@autopartsstore.com', '1213359900', '2969681280', '671-9561 Dolor St.', 'Noisy-le-Grand', 'GA', '10023-9939', 'Lorem ipsum dolor sit amet, consectetuer adipiscing elit. Curabitur sed tortor. Integer aliquam adipiscing lacus. Ut nec urna et arcu imperdiet ullamcorper. Duis at lacus. Quisque purus sapien, gravida non, sollicitudin a, malesuada id, erat. Etiam vestibulum massa rutrum'),
	('Monroe', 'Calista', 'IT', 'cmonroe@autopartsstore.com', '6141060010', '1149127380', '369-9242 Et Street', 'Remscheid', 'GA', '99238-6008', 'Lorem ipsum dolor sit amet, consectetuer adipiscing elit. Curabitur sed tortor. Integer aliquam adipiscing lacus. Ut nec urna et arcu imperdiet ullamcorper. Duis at lacus. Quisque purus sapien, gravida non, sollicitudin a, malesuada id, erat. Etiam vestibulum massa rutrum'),
	('Cantu', 'Nola', 'Mechanic', 'ncantu@autopartsstore.com', '9058122130', '6888191830', '120-9347 In Road', 'San Fabin', 'GA', '45986-2988', 'Lorem ipsum dolor sit amet, consectetuer adipiscing elit. Curabitur sed tortor. Integer aliquam adipiscing lacus. Ut nec urna et arcu imperdiet ullamcorper. Duis at lacus. Quisque'),
	('Turner', 'Colin', 'Sales', 'cturner@autopartsstore.com', '3369781580', '4423720690', 'Ap #212-5574 Vitae Av.', 'Jalna', 'GA', '81790-8519', 'Lorem ipsum dolor sit amet, consectetuer adipiscing elit. Curabitur sed tortor. Integer aliquam adipiscing lacus. Ut nec urna et arcu imperdiet ullamcorper. Duis at lacus. Quisque'),
	('Slater', 'Hedda', 'Marketing', 'hslater@autopartsstore.com', '3841291890', '9248249240', '2758 Purus St.', 'Wah', 'GA', '66159-7426', 'Lorem'),
	('Austin', 'Kenyon', 'IT', 'kaustin@autopartsstore.com', '0886887070', '1607779290', 'Ap #450-4758 Phasellus Road', 'Vance', 'GA', '80835-9173', 'Lorem ipsum dolor sit amet, consectetuer adipiscing elit. Curabitur sed tortor. Integer aliquam adipiscing lacus. Ut nec urna et arcu imperdiet ullamcorper. Duis at lacus. Quisque purus sapien, gravida non, sollicitudin a, malesuada id, erat. Etiam vestibulum massa rutrum magna. Cras convallis'),
	('Gregory', 'Sydnee', 'Mechanic', 'sgregory@autopartsstore.com', '2996659150', '0225433930', 'Ap #929-3592 Ut St.', 'South Dum Dum', 'GA', '97934-6222', 'Lorem ipsum dolor sit amet, consectetuer adipiscing elit. Curabitur sed tortor. Integer aliquam adipiscing lacus. Ut nec urna et arcu imperdiet ullamcorper. Duis at lacus. Quisque purus sapien, gravida non, sollicitudin a, malesuada id, erat. Etiam'),
	('Peck', 'Keely', 'Sales', 'kpeck@autopartsstore.com', '9771771010', '8072974630', 'P.O. Box 930, 2728 Donec St.', 'Lagonegro', 'GA', '61746-1053', 'Lorem ipsum dolor sit amet, consectetuer adipiscing elit. Curabitur sed tortor. Integer'),
	('Browning', 'Octavius', 'Marketing', 'obrowning@autopartsstore.com', '1141721600', '9907277250', '408-3547 Suspendisse Ave', 'Murdochville', 'GA', '05455-5165', 'Lorem ipsum dolor sit amet, consectetuer adipiscing elit. Curabitur sed tortor. Integer aliquam adipiscing lacus. Ut nec urna et arcu'),
	('Crawford', 'Cooper', 'IT', 'ccrawford@autopartsstore.com', '0059788030', '1907461340', 'P.O. Box 657, 8764 Aenean Rd.', 'Vannes', 'GA', '80808-1830', 'Lorem ipsum dolor sit amet, consectetuer adipiscing'),
	('Herman', 'Brooke', 'Mechanic', 'bherman@autopartsstore.com', '5207245460', '9964791010', '8022 Dolor Street', 'Belgrade', 'GA', '96562-4022', 'Lorem ipsum dolor sit amet, consectetuer adipiscing elit. Curabitur sed tortor. Integer aliquam adipiscing lacus. Ut nec urna et arcu imperdiet ullamcorper. Duis at lacus. Quisque purus'),
	('Everett', 'Vielka', 'Sales', 'veverett@autopartsstore.com', '2186740980', '0729353270', '169-3906 Etiam Rd.', 'San Giovanni la Punta', 'GA', '90344-2093', 'Lorem ipsum dolor sit amet, consectetuer adipiscing elit. Curabitur sed tortor. Integer aliquam adipiscing lacus. Ut nec urna et arcu imperdiet ullamcorper. Duis at lacus.'),
	('Phelps', 'Fritz', 'Marketing', 'fphelps@autopartsstore.com', '2054519840', '7321572810', '9742 Mauris Ave', 'Bettiah', 'GA', '88383-1731', 'Lorem ipsum dolor sit amet, consectetuer adipiscing elit. Curabitur'),
	('Townsend', 'Brandon', 'IT', 'btownsend@autopartsstore.com', '6574675190', '9875374380', 'P.O. Box 827, 6159 Est, Rd.', 'Whitewater Region Township', 'GA', '30527-9725', 'Lorem ipsum dolor sit amet, consectetuer adipiscing elit. Curabitur sed tortor. Integer aliquam adipiscing lacus. Ut nec urna et arcu imperdiet ullamcorper. Duis at lacus. Quisque purus sapien, gravida non, sollicitudin a, malesuada id, erat. Etiam vestibulum massa rutrum magna. Cras'),
	('Jacobson', 'Palmer', 'Mechanic', 'pjacobson@autopartsstore.com', '1689432750', '7834603780', 'Ap #424-9287 Molestie Av.', 'Silius', 'GA', '23706-7178', 'Lorem ipsum dolor sit amet, consectetuer adipiscing elit. Curabitur sed tortor. Integer aliquam adipiscing lacus. Ut nec urna et arcu imperdiet ullamcorper. Duis at lacus. Quisque purus sapien, gravida non, sollicitudin a, malesuada id, erat. Etiam vestibulum massa'),
	('Olson', 'Adele', 'Sales', 'aolson@autopartsstore.com', '2008602500', '0449035250', 'P.O. Box 217, 8390 Donec Avenue', 'Mara Elena', 'GA', '19173-6909', 'Lorem ipsum dolor sit amet, consectetuer adipiscing elit. Curabitur sed tortor. Integer aliquam adipiscing lacus. Ut nec urna et arcu imperdiet ullamcorper. Duis at lacus. Quisque purus sapien, gravida non, sollicitudin a, malesuada id, erat. Etiam vestibulum massa rutrum magna. Cras convallis convallis dolor.'),
	('Shannon', 'Candice', 'Marketing', 'cshannon@autopartsstore.com', '0136550550', '0700462030', 'Ap #572-106 Sed St.', 'Porpetto', 'GA', '92753-4155', 'Lorem ipsum dolor sit amet, consectetuer adipiscing elit. Curabitur sed tortor. Integer aliquam adipiscing lacus. Ut nec urna'),
	('Koch', 'Ferdinand', 'IT', 'fkoch@autopartsstore.com', '4223979200', '3815182910', '3298 Sem Rd.', 'Abbateggio', 'GA', '22886-1205', 'Lorem ipsum dolor sit amet, consectetuer adipiscing elit. Curabitur sed tortor. Integer aliquam adipiscing lacus. Ut nec urna et arcu imperdiet'),
	('Short', 'Emerson', 'Mechanic', 'eshort@autopartsstore.com', '8203321060', '9214144830', '9167 Quam, Ave', 'Alingss', 'GA', '43311-4063', 'Lorem ipsum dolor sit amet, consectetuer adipiscing elit. Curabitur sed tortor. Integer aliquam adipiscing lacus. Ut nec urna et arcu imperdiet ullamcorper. Duis at lacus')
;

INSERT INTO AutoPartsStore.Shippers(Company, ContactName, PrimaryPhone, SecondaryPhone, Website, Address, City, State, ZipCode, Notes)
VALUES
	('Euismod Ac Fermentum Limited', 'Brent Mayer', '4479221735', '7927473008', 'www.euismodacfermentumlimited.com', 'P.O. Box 631, 1540 Facilisis St.', 'Hompr', 'UT', '87899-7738', 'Lorem ipsum dolor sit'),
	('Vitae Sodales Nisi Incorporated', 'Amery Ware', '5890851478', '7600479098', 'www.vitaesodalesnisiincorporated.com', '1644 Mauris Avenue', 'Limburg a.d. Lahn', 'AR', '90149-0523', 'Lorem ipsum dolor sit amet, consectetuer adipiscing elit. Curabitur sed tortor. Integer aliquam adipiscing lacus. Ut nec urna et arcu imperdiet ullamcorper. Duis at lacus. Quisque purus sapien, gravida non, sollicitudin a, malesuada id, erat. Etiam vestibulum massa rutrum magna. Cras convallis convallis'),
	('Pellentesque A Associates', 'Shad Heath', '4388190092', '9947126358', 'www.pellentesqueaassociates.com', '952-2133 Vulputate St.', 'Val Rezzo', 'LA', '77668-1651', 'Lorem ipsum dolor sit amet, consectetuer adipiscing elit. Curabitur sed tortor. Integer'),
	('Pharetra LLC', 'Kerry Haney', '3637530367', '7254187143', 'www.pharetrallc.com', '910-351 Eget Rd.', 'Bicinicco', 'MO', '47782-9332', 'Lorem ipsum dolor sit amet, consectetuer adipiscing elit. Curabitur sed tortor. Integer aliquam adipiscing lacus. Ut nec urna et'),
	('Id Institute', 'Galvin Watts', '8703509818', '4428393893', 'www.idinstitute.com', 'Ap #947-8876 Volutpat. St.', 'Bondo', 'PA', '26708-5439', 'Lorem ipsum dolor sit amet, consectetuer adipiscing elit. Curabitur sed tortor. Integer aliquam adipiscing lacus. Ut nec urna et arcu imperdiet ullamcorper. Duis at lacus. Quisque purus sapien, gravida non, sollicitudin a, malesuada id, erat. Etiam vestibulum massa rutrum magna. Cras convalli')
;

INSERT INTO AutoPartsStore.Suppliers(Company, ContactName, PrimaryPhone, SecondaryPhone, Website, Address, City, State, ZipCode, Notes)
VALUES
	('Non Dui Nec Consulting', 'Echo Howell', '0873349599', '8644482239', 'www.nonduinecconsulting.com', 'P.O. Box 419, 3677 Pede Avenue', 'Toowoomba', 'MT', '92662-9883', 'Lorem ipsum dolor sit amet, consectetuer adipiscing'),
	('Nunc Ullamcorper Eu Institute', 'Peter Frazier', '4265640842', '3972215776', 'www.nuncullamcorpereuinstitute.com', '5116 Etiam St.', 'West Valley City', 'AA', '67484-8824', 'Lorem ipsum dolor sit amet, consectetuer adipiscing elit. Curabitur'),
	('Nunc Mauris LLP', 'Shoshana Yang', '9552343406', '6181360656', 'www.nuncmaurisllp.com', 'Ap #285-5306 Volutpat. Street', 'Cognelee', 'AE', '55208-9919', 'Lorem ipsum dolor sit amet, consectetuer adipiscing elit. Curabitur sed tortor. Integer aliquam adipiscing lacus. Ut nec urna et arcu imperdiet ullamcorper. Duis at lacus. Quisque purus sapien, gravida non, sollicitudin a, malesuada'),
	('Enim Etiam Inc.', 'Chaney Sanders', '5042231910', '0025732881', 'www.enimetiaminc.com', 'P.O. Box 483, 2925 Nec Road', 'Bhavnagar', 'IN', '55677-0087', 'Lorem ipsum dolor sit amet, consectetuer adipiscing elit. Curabitur sed tortor. Integer aliquam adipiscing lacus. Ut nec urna et arcu imperdiet ullamcorper. Duis at lacus.'),
	('Ante Associates', 'Halla Mcneil', '2277316820', '1064245651', 'www.anteassociates.com', 'P.O. Box 723, 1704 Montes, St.', 'Mont-de-Marsan', 'SD', '89223-4196', 'Lorem ipsum dolor sit amet, consectetuer adipiscing elit. Curabitur sed tortor. Integer aliquam adipiscing lacus. Ut nec urna et arcu imperdiet ullamcorper. Duis at lacus. Quisque purus sapien, gravida non, sollicitudin a, malesuada id, erat. Etiam vestibulum massa rutrum magna. Cras convallis convallis dolor. Quisque tincidunt'),
	('Non Corp.', 'Macaulay Conway', '9898454705', '7831970645', 'www.noncorp.com', 'P.O. Box 482, 2535 Morbi Road', 'Wrigley', 'SD', '02194-9494', 'Lorem ipsum dolor sit amet, consectetuer adipiscing elit. Curabitur sed tortor. Integer aliquam adipiscing lacus. Ut nec urna et'),
	('Justo PC', 'Sean Greer', '6803527187', '7862174701', 'www.justopc.com', 'P.O. Box 307, 7383 In Avenue', 'Parral', 'MS', '21855-1388', 'Lorem ipsum dolor sit amet, consectetuer adipiscing elit. Curabitur sed tortor. Integer aliquam adipiscing lacus. Ut nec urna et arcu imperdiet ullamcorper. Duis at lacus. Quisque purus'),
	('Fermentum Associates', 'Hakeem Mccullough', '3528608830', '6159647694', 'www.fermentumassociates.com', '5694 Lacinia Ave', 'Hull', 'AE', '89346-7595', 'Lorem ipsum dolor sit amet, consectetuer adipiscing elit. Curabitur sed tortor. Integer aliquam adipiscing lacus. Ut nec urna et arcu imperdiet ullamcorper. Duis at lacus. Quisque purus sapien, gravida non, sollicitudin a, malesuada id, erat.'),
	('Tempus Eu PC', 'Idola Marsh', '1923806512', '3549622230', 'www.tempuseupc.com', '2361 Donec Road', 'Flin Flon', 'AE', '86573-6980', 'Lorem ipsum dolor sit amet, consectetuer adipiscing elit. Curabitur sed tortor. Integer aliquam adipiscing lacus. Ut nec urna et arcu imperdiet ullamcorper. Duis at lacus. Quisque purus sapien, gravida non, sollicitudin a, malesuada id, erat. Etiam vestibulum massa rutrum'),
	('Donec Tempor Associates', 'Herrod Graves', '1864347184', '5605347072', 'www.donectemporassociates.com', '544-7978 Et Av.', 'Travo', 'MA', '49980-6014', 'Lorem ipsum dolor sit amet, consectetuer adipiscing elit. Curabitur sed tortor. Integer aliquam adipiscing lacus. Ut nec urna et arcu imperdiet ullamcorper. Duis'),
	('Velit Egestas Institute', 'Irene Whitaker', '7693744170', '3672883959', 'www.velitegestasinstitute.com', '409-9944 Dictum. Street', 'Shaftesbury', 'RI', '85433-6835', 'Lorem ipsum dolor sit amet, consectetuer adipiscing elit. Curabitur sed tortor. Integer aliquam adipiscing lacus. Ut nec urna et arcu imperdiet ullamcorper. Duis at lacus. Quisque purus'),
	('Id Blandit Industries', 'Jasmine Patton', '0847917669', '5611559206', 'www.idblanditindustries.com', 'P.O. Box 629, 3141 Mi. St.', 'Fauglia', 'IA', '43523-0932', 'Lorem ipsum dolor sit amet, consectetuer adipiscing elit. Curabitur sed tortor. Integer aliquam adipiscing lacus. Ut nec urna et arcu imperdiet ullamcorper. Duis at lacus.'),
	('Nisi Dictum Ltd', 'Petra Sharp', '6435451179', '5052105407', 'www.nisidictumltd.com', '358-3604 Venenatis St.', 'Segni', 'DC', '09525-1444', 'Lorem ipsum dolor sit amet, consectetuer adipiscing elit. Curabitur sed tortor. Integer aliquam adipiscing lacus. Ut nec urna et arcu imperdiet ullamcorper. Duis at lacus. Quisque purus sapien, gravida non, sollicitudin a, malesuada id, erat. Etiam vestibulum massa rutrum magna. Cras convallis convallis'),
	('Mollis PC', 'Alyssa Cline', '3670814047', '6166861455', 'www.mollispc.com', 'Ap #351-1904 Velit. Rd.', 'Port Hope', 'RI', '37689-0154', 'Lorem ipsum dolor sit amet, consectetuer adipiscing elit. Curabitur sed tortor. Integer aliquam adipiscing lacus. Ut nec urna et arcu imperdiet ullamcorper. Duis at lacus. Quisque purus sapien, gravida non, sollicitudin a, malesuada id, erat. Etiam vestibulum massa rutrum magna. Cras convallis convallis dolor. Quisque tincidunt'),
	('Nulla Dignissim Limited', 'August Chapman', '6065974617', '4010481365', 'www.nulladignissimlimited.com', '6499 Ornare, St.', 'Los Angeles', 'WI', '98281-3903', 'Lorem'),
	('Feugiat Placerat Velit Corporation', 'Hannah Lancaster', '6581225238', '8444211871', 'www.feugiatplaceratvelitcorporation.com', 'Ap #143-8752 Ligula. St.', 'Corte Brugnatella', 'CA', '37532-1323', 'Lorem'),
	('Pede Suspendisse LLP', 'Patrick Bauer', '6188916154', '2798348952', 'www.pedesuspendissellp.com', 'P.O. Box 971, 1217 Faucibus Ave', 'Cercemaggiore', 'KS', '06928-3047', 'Lorem ipsum dolor sit amet, consectetuer adipiscing elit. Curabitur sed tortor. Integer aliquam adipiscing lacus. Ut nec urna et arcu imperdiet ullamcorper. Duis at lacus. Quisque purus sapien, gravida non, sollicitudin a, malesuada id, erat. Etiam vestibulum'),
	('Ipsum Primis Limited', 'Wang Walton', '2564707991', '5457123335', 'www.ipsumprimislimited.com', '999-8080 Suspendisse Road', 'Vieux-Genappe', 'FL', '92860-6293', 'Lorem ipsum dolor sit amet, consectetuer adipiscing elit. Curabitur sed tortor. Integer aliquam adipiscing lacus. Ut'),
	('Ac Nulla In Corporation', 'Alden Ochoa', '4458401319', '5022550883', 'www.acnullaincorporation.com', '8024 Elit. Av.', 'Wolfville', 'RI', '06840-7819', 'Lorem ipsum dolor sit amet, consectetuer adipiscing elit. Curabitur'),
	('Amet LLP', 'Barry Bentley', '0235021950', '9591376641', 'www.ametllp.com', '295-2216 Lorem, Ave', 'Rae Lakes', 'KY', '24895-7646', 'Lorem ipsum dolor sit amet, consectetuer adipiscing elit. Curabitur sed tortor. Integer aliquam adipiscing lacus. Ut nec urna et arcu imperdiet ullamcorper. Duis at lacus. Quisque purus sapien, gravida non, sollicitudin a, malesuada id, erat.'),
	('Justo Sit Amet PC', 'Sharon Griffith', '7690178631', '6137393893', 'www.justositametpc.com', 'P.O. Box 805, 9547 Vitae Avenue', 'Sangerhausen', 'VT', '12332-4912', 'Lorem ipsum dolor sit amet, consectetuer adipiscing elit. Curabitur sed tortor. Integer aliquam adipiscing lacus.'),
	('Vitae Limited', 'Vivien Sullivan', '1400900634', '2718298169', 'www.vitaelimited.com', '1942 Imperdiet, Av.', 'Asse', 'MN', '37135-8973', 'Lorem ipsum dolor sit amet, consectetuer adipiscing elit. Curabitur sed tortor. Integer aliquam adipiscing lacus. Ut nec urna et arcu imperdiet ullamcorper. Duis at lacus. Quisque purus sapien, gravida non, sollicitudin a, malesuada id, erat. Etiam vestibulum massa rutrum magna. Cras convallis convallis dolor. Quisque tincidunt pede ac urna.'),
	('Orci Adipiscing Non Corp.', 'Virginia Fulton', '0930704725', '6813317534', 'www.orciadipiscingnoncorp.com', 'P.O. Box 156, 6979 Nunc Road', 'Aberystwyth', 'IN', '16231-8143', 'Lorem ipsum dolor sit amet, consectetuer adipiscing elit. Curabitur sed tortor. Integer aliquam adipiscing lacus. Ut nec urna et arcu imperdiet'),
	('Netus Et Limited', 'Shay Patton', '9786496924', '4999168325', 'www.netusetlimited.com', 'P.O. Box 407, 1787 Id St.', 'Alto del Carmen', 'NV', '15645-0039', 'Lorem ipsum dolor sit amet, consectetuer adipiscing elit. Curabitur sed tortor. Integer aliquam adipiscing lacus. Ut nec urna et arcu imperdiet ullamcorper. Duis at lacus. Quisque purus sapien, gravida non, sollicitudin a, malesuada id, erat. Etiam vestibulum'),
	('Quam Curabitur Associates', 'Wyoming Mckay', '6758857627', '9441380499', 'www.quamcurabiturassociates.com', '5652 Tellus St.', 'Lauco', 'AP', '48795-0902', 'Lorem ipsum dolor sit amet, consectetuer adipiscing elit. Curabitur sed tortor. Integer aliquam adipiscing lacus. Ut nec'),
	('Sit Amet Consectetuer Foundation', 'Callum Acevedo', '0162959214', '9030646878', 'www.sitametconsectetuerfoundation.com', '734-4639 At Street', 'Imst', 'OK', '96020-3275', 'Lorem ipsum'),
	('Eu Institute', 'Pandora Calhoun', '4657982807', '2843358291', 'www.euinstitute.com', 'P.O. Box 690, 987 Libero. Street', 'Nueva Imperial', 'MI', '27994-2476', 'Lorem ipsum dolor sit amet, consectetuer adipiscing elit. Curabitur sed'),
	('Ante Lectus Convallis PC', 'Sydney Wise', '7214868243', '5627993324', 'www.antelectusconvallispc.com', 'P.O. Box 624, 5734 Maecenas Av.', 'Nadiad', 'ND', '73123-8922', 'Lorem ipsum dolor sit amet, consectetuer adipiscing elit. Curabitur sed tortor. Integer aliquam adipiscing lacus. Ut nec urna et arcu imperdiet ullamcorper. Duis at lacus. Quisque purus'),
	('Eu Turpis Nulla Corporation', 'Jonas Fowler', '6273372896', '3650075716', 'www.euturpisnullacorporation.com', 'Ap #769-9024 Euismod Rd.', 'Belcarra', 'DE', '44246-0010', 'Lorem'),
	('Dis Ltd', 'Curran Hayes', '8416987821', '1800458750', 'www.disltd.com', '500-8784 Ultricies Rd.', 'Mobile', 'WI', '53130-6701', 'Lorem ipsum dolor sit amet, consectetuer adipiscing elit. Curabitur sed tortor. Integer aliquam adipiscing lacus. Ut nec urna et arcu imperdiet ullamcorper. Duis at lacus.'),
	('Velit Justo Ltd', 'Neil Ramirez', '9111864717', '0858939119', 'www.velitjustoltd.com', '717 Quis, St.', 'Stigliano', 'MD', '70116-0322', 'Lorem ipsum dolor sit amet, consectetuer adipiscing elit. Curabitur'),
	('Nullam Suscipit Incorporated', 'Josephine Harrell', '5521501294', '3807006202', 'www.nullamsuscipitincorporated.com', 'Ap #150-3856 Mi. Rd.', 'Wals-Siezenheim', 'OH', '63133-3630', 'Lorem ipsum dolor sit amet, consectetuer adipiscing elit. Curabitur sed tortor. Integer aliquam adipiscing lacus. Ut nec urna et arcu imperdiet ullamcorper. Duis at lacus. Quisque purus sapien, gravida non, sollicitudin a, malesuada id, erat. Etiam vestibulum massa'),
	('Gravida PC', 'Beck Small', '9407218733', '8175876560', 'www.gravidapc.com', 'Ap #335-9438 Convallis Av.', 'Sijsele', 'AZ', '25359-1538', 'Lorem ipsum dolor sit amet, consectetuer adipiscing elit. Curabitur sed tortor. Integer aliquam'),
	('Cum Sociis Incorporated', 'Aiko Craft', '8898533892', '1442635070', 'www.cumsociisincorporated.com', 'P.O. Box 908, 2503 Lobortis Rd.', 'Outrijve', 'CA', '00489-7813', 'Lorem ipsum dolor sit amet, consectetuer adipiscing elit. Curabitur sed tortor. Integer aliquam'),
	('Dictum Proin LLC', 'Dacey Reyes', '9744251540', '9568792437', 'www.dictumproinllc.com', '1903 Purus Av.', 'Warangal', 'NM', '94615-4739', 'Lorem ipsum dolor sit amet, consectetuer adipiscing elit. Curabitur sed tortor. Integer aliquam adipiscing lacus.'),
	('Vitae PC', 'Marcia Gilbert', '4218243279', '9086744292', 'www.vitaepc.com', '339-7657 Amet Rd.', 'Genval', 'RI', '26307-4894', 'Lorem ipsum dolor sit amet, consectetuer adipiscing elit. Curabitur sed'),
	('Pellentesque Massa Ltd', 'Xandra Jackson', '8393108833', '2948606605', 'www.pellentesquemassaltd.com', 'Ap #764-9381 Risus Street', 'Arviat', 'ME', '67103-6603', 'Lorem ipsum'),
	('At Libero Morbi Company', 'Mufutau Blackwell', '8899406330', '8348483727', 'www.atliberomorbicompany.com', 'P.O. Box 373, 9973 Ipsum Avenue', 'Cheyenne', 'CT', '30847-7188', 'Lorem ipsum dolor sit amet, consectetuer adipiscing elit. Curabitur sed tortor. Integer aliquam adipiscing lacus. Ut nec urna et arcu imperdiet ullamcorper. Duis at lacus.'),
	('Est Corp.', 'Colt Hawkins', '6040558633', '4897825631', 'www.estcorp.com', '272-3060 Et Road', 'Contagem', 'TX', '97910-1406', 'Lorem ipsum dolor sit amet, consectetuer adipiscing elit. Curabitur sed tortor. Integer aliquam adipiscing lacus. Ut nec urna et arcu imperdiet ullamcorper. Duis at lacus. Quisque purus sapien, gravida non, sollicitudin a,'),
	('Viverra Maecenas Iaculis LLC', 'Carolyn Graves', '3212060762', '9881791759', 'www.viverramaecenasiaculisllc.com', 'P.O. Box 159, 1035 Eu St.', 'Lonquimay', 'IA', '67400-9683', 'Lorem ipsum dolor sit amet, consectetuer adipiscing elit. Curabitur sed tortor. Integer aliquam adipiscing lacus. Ut nec urna et arcu imperdiet ullamcorper. Duis at lacus. Quisque purus sapien, gravida non, sollicitudin a, malesuada id, erat. Etiam vestibulum massa rutrum magna. Cras convallis convallis dolor. Quisque tincidunt pede ac'),
	('Adipiscing Foundation', 'Zenia Adkins', '9610392645', '2710310803', 'www.adipiscingfoundation.com', '506-1576 Sit St.', 'Thisnes', 'MD', '27372-9874', 'Lorem ipsum dolor sit amet, consectetuer adipiscing elit. Curabitur sed tortor. Integer aliquam adipiscing lacus. Ut nec urna'),
	('Non Egestas PC', 'Kim Schwartz', '6849095979', '2104887868', 'www.nonegestaspc.com', '148-3627 Nam Ave', 'Port Glasgow', 'CA', '28967-1164', 'Lorem ipsum dolor sit amet, consectetuer adipiscing elit. Curabitur sed tortor. Integer aliquam adipiscing lacus. Ut nec urna et arcu imperdiet ullamcorper. Duis at lacus. Quisque purus'),
	('A Consulting', 'Lester Robbins', '9486583566', '5970923947', 'www.aconsulting.com', 'Ap #971-8058 Cursus Rd.', 'Castiglione di Garfagnana', 'CO', '39665-6278', 'Lorem ipsum dolor sit amet, consectetuer adipiscing elit. Curabitur sed tortor. Integer aliquam adipiscing lacus. Ut nec urna et arcu imperdiet ullamcorper. Duis'),
	('Ut Nulla Industries', 'Sacha Lee', '8402976473', '7312842253', 'www.utnullaindustries.com', 'P.O. Box 655, 6719 Scelerisque Avenue', 'Gressoney-Saint-Jean', 'AL', '46242-3305', 'Lorem ipsum dolor sit amet, consectetuer adipiscing elit. Curabitur sed tortor. Integer aliquam adipiscing lacus. Ut nec urna et arcu imperdiet ullamcorper.'),
	('Ante Ltd', 'Hedy Schwartz', '8662970193', '8824292296', 'www.anteltd.com', '3723 Mi Road', 'Bergen Mons', 'AE', '30042-1401', 'Lorem ipsum dolor sit amet, consectetuer adipiscing elit. Curabitur sed tortor. Integer aliquam adipiscing lacus. Ut nec urna et arcu imperdiet ullamcorper. Duis at lacus. Quisque'),
	('Aliquet Sem Limited', 'Leonard Leonard', '8342596300', '9180440218', 'www.aliquetsemlimited.com', 'P.O. Box 239, 3154 Nam Rd.', 'Lambusart', 'WV', '48536-5084', 'Lorem ipsum dolor sit amet, consectetuer adipiscing elit. Curabitur sed tortor. Integer aliquam adipiscing lacus. Ut nec urna et arcu imperdiet ullamcorper. Duis at lacus. Quisque purus sapien, gravida non, sollicitudin a, malesuada id, erat. Etiam vestibulum massa rutrum magna. Cras convallis convallis'),
	('Nullam Industries', 'Gabriel Rich', '0248275723', '1816947829', 'www.nullamindustries.com', 'Ap #942-456 Pellentesque, Street', 'Coihueco', 'NM', '99811-9863', 'Lorem ipsum dolor sit amet, consectetuer adipiscing elit. Curabitur sed tortor. Integer aliquam adipiscing lacus. Ut nec urna et arcu imperdiet ullamcorper. Duis at lacus. Quisque purus sapien, gravida non, sollicitudin a, malesuada id, erat. Etiam vestibulum massa rutrum magna. Cras convallis'),
	('Sem Semper Erat LLP', 'Baxter Lara', '6802231965', '2136743626', 'www.semsempereratllp.com', '6942 Curabitur Street', 'Carnoustie', 'MS', '40143-2679', 'Lorem ipsum dolor sit amet, consectetuer adipiscing elit. Curabitur sed tortor. Integer aliquam adipiscing lacus. Ut nec urna et arcu imperdiet ullamcorper. Duis at lacus. Quisque purus sapien, gravida non, sollicitudin a,'),
	('Aliquam Enim Corp.', 'Jonah Beard', '1694724973', '6931914074', 'www.aliquamenimcorp.com', 'Ap #705-2456 Orci. St.', 'Cannes', 'KS', '53896-7818', 'Lorem ipsum dolor sit amet, consectetuer adipiscing elit. Curabitur sed tortor. Integer aliquam adipiscing lacus. Ut nec urna et arcu imperdiet'),
	('Neque Morbi Quis Company', 'Genevieve Durham', '5734055080', '3719412114', 'www.nequemorbiquiscompany.com', '7087 In Street', 'La Baie', 'FL', '24717-7686', 'Lorem ipsum dolor sit amet, consectetuer'),
	('Elementum Dui Associates', 'Byron Brooks', '6148870854', '8366996855', 'www.elementumduiassociates.com', 'P.O. Box 534, 9172 Accumsan St.', 'Nil-Saint-Vincent-Saint-Martin', 'OH', '70404-4712', 'Lorem ipsum dolor sit amet, consectetuer adipiscing elit. Curabitur sed tortor. Integer aliquam adipiscing lacus. Ut nec urna et arcu imperdiet ullamcorper. Duis'),
	('Pellentesque Tellus Sem LLC', 'Isaiah Hahn', '0774826966', '7931281430', 'www.pellentesquetellussemllc.com', 'P.O. Box 733, 6814 Enim Avenue', 'Seraing', 'NH', '04932-4998', 'Lorem ipsum dolor sit amet, consectetuer adipiscing elit. Curabitur sed tortor. Integer aliquam adipiscing lacus. Ut nec urna et arcu imperdiet ullamcorper. Duis at lacus. Quisque purus sapien, gravida non, sollicitudin a, malesuada'),
	('Tellus Corp.', 'Jorden Chambers', '6897675829', '3907239774', 'www.telluscorp.com', '954-3746 Imperdiet St.', 'Sauris', 'AK', '10867-6143', 'Lorem ipsum dolor sit amet, consectetuer adipiscing elit. Curabitur sed tortor. Integer aliquam adipiscing'),
	('Pellentesque Incorporated', 'Kamal Aguilar', '7503004627', '5677043136', 'www.pellentesqueincorporated.com', '790 Quam, St.', 'Vilcn', 'AL', '30411-0563', 'Lorem ipsum dolor sit amet, consectetuer adipiscing elit. Curabitur sed tortor. Integer aliquam adipiscing lacus. Ut nec urna et arcu imperdiet ullamcorper. Duis at lacus. Quisque purus'),
	('Per Corp.', 'Uriah Ashley', '7939258164', '8882027548', 'www.percorp.com', 'P.O. Box 526, 4880 Diam. St.', 'Forbach', 'NH', '94747-4970', 'Lorem ipsum dolor sit amet, consectetuer adipiscing'),
	('Donec Consulting', 'Stella Eaton', '2514661432', '6922400650', 'www.donecconsulting.com', '211-6539 Posuere Rd.', 'Hafizabad', 'MS', '34317-5906', 'Lorem ipsum dolor sit amet, consectetuer adipiscing elit. Curabitur sed tortor. Integer aliquam adipiscing lacus. Ut nec urna et arcu imperdiet ullamcorper. Duis at lacus. Quisque purus sapien, gravida non, sollicitudin a, malesuada id, erat. Etiam vestibulum massa rutrum magna. Cras convallis convallis dolor. Quisque'),
	('Dictum Consulting', 'Iona Irwin', '7586652819', '4585234906', 'www.dictumconsulting.com', '826-8685 Magna. Road', 'Braunau am Inn', 'FL', '04005-0918', 'Lorem ipsum dolor sit amet, consectetuer adipiscing elit. Curabitur sed tortor. Integer aliquam adipiscing lacus. Ut nec urna et'),
	('Donec Non Foundation', 'Michael Rivers', '3068934341', '8920129788', 'www.donecnonfoundation.com', '405-2231 Iaculis Ave', 'Redwater', 'VT', '08396-5871', 'Lorem ipsum dolor sit amet, consectetuer adipiscing elit. Curabitur sed tortor. Integer aliquam adipiscing lacus. Ut nec urna et arcu imperdiet ullamcorper. Duis at lacus. Quisque purus sapien, gravida non, sollicitudin a, malesuada id, erat. Etiam vestibulum massa rutrum magna. Cras convallis convallis'),
	('Dapibus Ligula Associates', 'Skyler Santos', '4987446827', '2740608603', 'www.dapibusligulaassociates.com', 'Ap #377-9223 Ipsum Avenue', 'Jauche', 'PA', '25782-9819', 'Lorem ipsum dolor sit amet, consectetuer adipiscing elit. Curabitur sed tortor. Integer aliquam adipiscing lacus. Ut nec urna et arcu imperdiet ullamcorper. Duis at lacus. Quisque purus sapien, gravida non, sollicitudin a, malesuada id, erat. Etiam'),
	('Cum Incorporated', 'Moana Griffin', '3914730904', '1204891311', 'www.cumincorporated.com', 'P.O. Box 641, 5436 Pede. Street', 'Sagrada Familia', 'UT', '51172-2492', 'Lorem ipsum dolor sit amet, consectetuer adipiscing elit. Curabitur sed tortor. Integer aliquam adipiscing lacus. Ut nec urna et arcu imperdiet ullamcorper. Duis at lacus. Quisque purus sapien, gravida non, sollicitudin a, malesuada id, erat. Etiam vestibulum massa rutrum magna. Cras convallis convallis'),
	('Pede Nunc LLP', 'Hamish Grimes', '3208098481', '6494525317', 'www.pedenuncllp.com', 'Ap #145-2149 Elit Rd.', 'Graz', 'MI', '00595-7341', 'Lorem ipsum dolor sit amet, consectetuer adipiscing elit. Curabitur sed tortor. Integer aliquam adipiscing lacus. Ut nec urna et arcu imperdiet ullamcorper. Duis at lacus. Quisque purus sapien, gravida non, sollicitudin a, malesuada id, erat. Etiam vestibulum massa rutrum magna. Cras convallis'),
	('Donec Fringilla Donec Company', 'Graiden Waters', '7024277956', '7112704940', 'www.donecfringilladoneccompany.com', '218-6220 Id Ave', 'Florida', 'HI', '18334-8551', 'Lorem ipsum dolor sit amet, consectetuer adipiscing elit. Curabitur sed tortor. Integer aliquam adipiscing lacus. Ut nec urna et'),
	('Vel Associates', 'Hop Henderson', '7429139896', '4272319570', 'www.velassociates.com', 'Ap #312-2269 Aenean Rd.', 'Ambala Sadar', 'SC', '12153-6522', 'Lorem ipsum dolor sit amet, consectetuer adipiscing elit. Curabitur sed tortor. Integer aliquam adipiscing lacus. Ut nec urna et arcu imperdiet ullamcorper. Duis at lacus. Quisque purus sapien, gravida non, sollicitudin a, malesuada id, erat. Etiam vestibulum massa rutrum magna. Cras convallis convallis dolor.'),
	('Dolor Foundation', 'Carolyn Gibbs', '4063296441', '1223047671', 'www.dolorfoundation.com', '6198 Sem Avenue', 'Hertford', 'CA', '91073-5272', 'Lorem ipsum dolor sit amet, consectetuer adipiscing elit. Curabitur sed tortor. Integer aliquam adipiscing lacus. Ut nec urna et arcu imperdiet ullamcorper. Duis at lacus.'),
	('Euismod Urna Nullam Inc.', 'Harper Ward', '3014907651', '0392960644', 'www.euismodurnanullaminc.com', '3203 Facilisis. Ave', 'Travo', 'TX', '78780-9843', 'Lorem ipsum dolor sit amet, consectetuer adipiscing elit. Curabitur sed tortor. Integer aliquam adipiscing lacus. Ut nec urna et arcu imperdiet ullamcorper. Duis at lacus. Quisque purus sapien, gravida non, sollicitudin a,'),
	('Et Ultrices Posuere Industries', 'Zena Hayden', '0634611164', '7349416334', 'www.etultricesposuereindustries.com', 'Ap #180-4392 Volutpat Av.', 'Zoetermeer', 'WV', '62968-0019', 'Lorem ipsum dolor sit amet, consectetuer adipiscing elit. Curabitur sed tortor. Integer aliquam adipiscing lacus. Ut nec urna et arcu imperdiet ullamcorper. Duis at lacus.'),
	('Gravida Sit PC', 'Cassandra Lawrence', '4957769476', '5790347074', 'www.gravidasitpc.com', '5881 Non, Avenue', 'Bautzen', 'DE', '54104-9150', 'Lorem ipsum dolor sit amet, consectetuer adipiscing elit. Curabitur sed tortor. Integer aliquam adipiscing lacus. Ut nec urna et arcu imperdiet ullamcorper. Duis at lacus. Quisque purus sapien, gravida non, sollicitudin a, malesuada'),
	('Cum Corp.', 'Faith Leach', '2589448106', '4101828440', 'www.cumcorp.com', '6845 Mi Ave', 'Gonnosfanadiga', 'MD', '50092-8144', 'Lorem ipsum dolor sit amet, consectetuer adipiscing elit. Curabitur sed tortor. Integer aliquam adipiscing lacus. Ut nec urna et arcu imperdiet ullamcorper. Duis at lacus. Quisque purus sapien, gravida non, sollicitudin a, malesuada id,'),
	('Egestas Lacinia LLP', 'Selma Kerr', '1402998142', '5140843569', 'www.egestaslaciniallp.com', 'Ap #161-5261 Auctor Ave', 'Papasidero', 'CO', '80021-6545', 'Lorem ipsum dolor sit amet, consectetuer'),
	('Pellentesque Massa Lobortis PC', 'Yvette Evans', '2056735955', '8721468829', 'www.pellentesquemassalobortispc.com', '333-1812 Eu, Street', 'Neuwied', 'NY', '84133-5687', 'Lorem ipsum dolor sit amet, consectetuer adipiscing elit. Curabitur sed tortor. Integer aliquam adipiscing lacus. Ut nec urna et arcu imperdiet ullamcorper.'),
	('Velit LLC', 'Richard Rich', '9968922908', '9730491965', 'www.velitllc.com', 'P.O. Box 239, 6390 A Road', 'Neustadt am Rbenberge', 'AE', '34374-2606', 'Lorem ipsum dolor sit amet, consectetuer adipiscing elit. Curabitur sed tortor. Integer aliquam adipiscing lacus. Ut nec urna et arcu imperdiet ullamcorper. Duis at lacus. Quisque purus sapien, gravida non, sollicitudin a, malesuada'),
	('In Faucibus Associates', 'Roary Rodriquez', '3074274924', '8307020140', 'www.infaucibusassociates.com', 'P.O. Box 156, 6744 Vel, Av.', 'Sluis', 'OK', '27539-8348', 'Lorem ipsum dolor sit amet, consectetuer adipiscing elit. Curabitur sed tortor. Integer aliquam adipiscing lacus. Ut nec urna et arcu imperdiet ullamcorper. Duis at lacus. Quisque'),
	('Mauris Non Dui PC', 'Anne Hayes', '2701480229', '3443203689', 'www.maurisnonduipc.com', 'P.O. Box 631, 2722 Pharetra, Street', 'Castel San Niccol', 'LA', '72892-3642', 'Lorem ipsum dolor'),
	('Sit Amet Dapibus Corporation', 'Branden Oneil', '2416899940', '9518268799', 'www.sitametdapibuscorporation.com', 'Ap #810-5752 Libero St.', 'Las Vegas', 'UT', '13518-0893', 'Lorem ipsum dolor sit amet, consectetuer adipiscing elit. Curabitur sed tortor. Integer aliquam adipiscing lacus. Ut nec urna et arcu imperdiet ullamcorper. Duis at lacus. Quisque purus sapien, gravida non, sollicitudin a, malesuada id, erat. Etiam vestibulum'),
	('Vitae Aliquam Limited', 'Janna Mason', '9302531154', '4049002885', 'www.vitaealiquamlimited.com', '7305 Nulla. Avenue', 'Pordenone', 'MO', '75455-0254', 'Lorem ipsum dolor sit amet, consectetuer adipiscing elit. Curabitur sed tortor. Integer aliquam adipiscing lacus. Ut nec urna et arcu imperdiet ullamcorper. Duis at lacus. Quisque purus sapien, gravida non, sollicitudin a, malesuada id,'),
	('Amet Institute', 'Gabriel Richmond', '3557455367', '0800229005', 'www.ametinstitute.com', 'P.O. Box 394, 2616 Elit, Avenue', 'Osogbo', 'ND', '57404-1625', 'Lorem ipsum dolor sit amet, consectetuer adipiscing elit. Curabitur sed tortor. Integer aliquam adipiscing lacus. Ut nec urna et arcu imperdiet ullamcorper.'),
	('Laoreet Libero Et Incorporated', 'Shannon Mayo', '8773518672', '0346966769', 'www.laoreetliberoetincorporated.com', 'P.O. Box 689, 9935 Nulla St.', 'Valpelline', 'HI', '34876-9240', 'Lorem ipsum dolor sit amet, consectetuer adipiscing elit. Curabitur sed tortor. Integer aliquam adipiscing lacus. Ut nec urna et arcu imperdiet ullamcorper. Duis at lacus. Quisque purus sapien, gravida non, sollicitudin a, malesuada id, erat. Etiam vestibulum massa rutrum magna. Cras convallis convallis dolor. Quisque tincidunt pede'),
	('Libero Consulting', 'Margaret Noble', '5777982546', '6173889613', 'www.liberoconsulting.com', '705-5492 Pretium St.', 'Hofstade', 'AP', '16089-9059', 'Lorem ipsum dolor sit amet, consectetuer adipiscing'),
	('Mauris Inc.', 'Nolan Contreras', '5820769849', '9438021513', 'www.maurisinc.com', '545 Nunc Street', 'Clarksville', 'ID', '45343-5243', 'Lorem ipsum dolor sit amet, consectetuer adipiscing elit. Curabitur sed tortor. Integer aliquam adipiscing lacus. Ut'),
	('Sed Foundation', 'Carla Ochoa', '4189773579', '0599593990', 'www.sedfoundation.com', 'Ap #575-2083 Sit Av.', 'Khandwa', 'HI', '55797-5727', 'Lorem ipsum dolor sit amet, consectetuer adipiscing elit. Curabitur sed tortor. Integer aliquam adipiscing lacus. Ut nec urna et arcu imperdiet ullamcorper. Duis at lacus. Quisque purus sapien, gravida non, sollicitudin a, malesuada id, erat. Etiam vestibulum massa rutrum magna. Cras convallis convallis dolor. Quisque tincidunt pede ac urna.'),
	('Laoreet Inc.', 'Lucius Colon', '4749849397', '6111982752', 'www.laoreetinc.com', 'P.O. Box 828, 7280 Libero Rd.', 'Montignies-Saint-Christophe', 'AK', '78094-1981', 'Lorem ipsum dolor sit amet, consectetuer adipiscing elit. Curabitur sed tortor. Integer aliquam adipiscing lacus. Ut nec urna et arcu imperdiet ullamcorper. Duis at'),
	('Sem Molestie Inc.', 'Ezekiel Dixon', '3296023288', '8970139770', 'www.semmolestieinc.com', 'P.O. Box 845, 3817 Luctus Rd.', 'Stirling', 'DE', '01530-8313', 'Lorem ipsum dolor sit amet, consectetuer adipiscing elit. Curabitur sed tortor. Integer aliquam adipiscing lacus. Ut nec urna et arcu imperdiet ullamcorper. Duis at lacus. Quisque purus sapien, gravida non, sollicitudin a,'),
	('Proin Sed Turpis LLP', 'Alvin Strickland', '7863742341', '7960149279', 'www.proinsedturpisllp.com', '5217 Nunc Road', 'Bad Kreuznach', 'IN', '70175-9895', 'Lorem ipsum dolor sit amet, consectetuer adipiscing elit. Curabitur sed'),
	('Nec Diam Institute', 'Kirby Saunders', '1183009995', '1925291675', 'www.necdiaminstitute.com', '188-7206 Quam. St.', 'Baidyabati', 'WY', '75449-9814', 'Lorem ipsum dolor sit amet, consectetuer adipiscing elit. Curabitur sed tortor. Integer aliquam adipiscing lacus. Ut nec urna et arcu imperdiet ullamcorper. Duis at lacus. Quisque purus sapien, gravida non, sollicitudin a, malesuada id, erat. Etiam'),
	('Sodales Industries', 'Bruce Nguyen', '7014750687', '8286002230', 'www.sodalesindustries.com', '405-2908 Orci. Rd.', 'Weienfels', 'MA', '38975-4600', 'Lorem ipsum dolor sit amet, consectetuer adipiscing elit. Curabitur sed tortor. Integer'),
	('Parturient Montes Nascetur Institute', 'Xantha Hardy', '3424842871', '9324544778', 'www.parturientmontesnasceturinstitute.com', '8306 Ligula Street', 'Annone di Brianza', 'TN', '43789-0220', 'Lorem ipsum dolor sit amet, consectetuer adipiscing elit. Curabitur sed tortor.'),
	('Fringilla Purus Mauris LLC', 'Mikayla Branch', '0947835713', '6503819822', 'www.fringillapurusmaurisllc.com', '4842 Donec Avenue', 'Borgo Valsugana', 'ND', '92703-4044', 'Lorem ipsum dolor sit amet, consectetuer adipiscing elit. Curabitur sed tortor. Integer aliquam adipiscing lacus. Ut nec urna et arcu imperdiet ullamcorper. Duis at lacus. Quisque purus sapien, gravida non, sollicitudin a, malesuada id, erat. Etiam vestibulum massa rutrum magna. Cras convallis convallis dolor.'),
	('Dolor Egestas Corporation', 'Igor Gilbert', '8155338759', '5953303042', 'www.doloregestascorporation.com', 'Ap #677-4232 Ultricies Av.', 'Rosires', 'TN', '13293-1941', 'Lorem ipsum dolor sit amet, consectetuer adipiscing elit. Curabitur sed tortor. Integer aliquam adipiscing lacus. Ut nec urna et arcu imperdiet ullamcorper. Duis at lacus. Quisque purus sapien, gravida non, sollicitudin a, malesuada'),
	('Magna Praesent Interdum Industries', 'Philip Harding', '4401213061', '2817086018', 'www.magnapraesentinterdumindustries.com', '712-2979 Nunc Street', 'Worcester', 'NV', '69458-7957', 'Lorem ipsum dolor sit amet, consectetuer adipiscing elit. Curabitur sed tortor. Integer aliquam adipiscing lacus. Ut nec urna et arcu imperdiet ullamcorper. Duis at lacus. Quisque purus sapien, gravida non,'),
	('Dui Cras Ltd', 'Xandra Sandoval', '3328372027', '7896051048', 'www.duicrasltd.com', '5834 Sit Av.', 'Mussy-la-Ville', 'NH', '46977-0543', 'Lorem ipsum dolor sit amet, consectetuer adipiscing elit. Curabitur sed tortor. Integer aliquam adipiscing lacus. Ut nec'),
	('Eu Enim Consulting', 'Vladimir Franklin', '5191569067', '5698756904', 'www.euenimconsulting.com', '352-7387 Sed, Rd.', 'Renca', 'NC', '90933-2883', 'Lorem ipsum dolor sit amet,'),
	('Metus Ltd', 'Blaine Russell', '3283301004', '1439830259', 'www.metusltd.com', 'P.O. Box 334, 9342 Bibendum. Road', 'Isnes', 'AE', '94083-9089', 'Lorem ipsum dolor sit amet, consectetuer adipiscing elit. Curabitur sed tortor. Integer aliquam adipiscing lacus. Ut nec urna et arcu imperdiet ullamcorper. Duis at lacus. Quisque purus sapien, gravida non,'),
	('Egestas Aliquam Fringilla Associates', 'Philip Bean', '7745610527', '8358336100', 'www.egestasaliquamfringillaassociates.com', '8456 Maecenas Road', 'Curepto', 'IN', '84665-4698', 'Lorem ipsum dolor sit amet, consectetuer adipiscing elit. Curabitur sed tortor. Integer aliquam adipiscing lacus. Ut nec urna et arcu imperdiet ullamcorper. Duis at lacus. Quisque purus sapien, gravida non, sollicitudin a, malesuada id, erat. Etiam vestibulum massa rutrum magna. Cras'),
	('In Aliquet LLC', 'Macaulay Briggs', '9372509121', '4054689244', 'www.inaliquetllc.com', 'P.O. Box 294, 248 Mi Rd.', 'Mrfelden-Walldorf', 'AR', '18761-3872', 'Lorem ipsum dolor sit amet, consectetuer adipiscing elit. Curabitur sed tortor. Integer aliquam adipiscing lacus. Ut nec urna et arcu imperdiet ullamcorper. Duis at lacus.'),
	('Sit Amet PC', 'Lydia Santiago', '4154469343', '8898573051', 'www.sitametpc.com', '188-8884 Sem Ave', 'Ernage', 'WV', '61706-6169', 'Lorem ipsum dolor sit amet, consectetuer adipiscing elit. Curabitur sed tortor. Integer aliquam adipiscing lacus. Ut nec urna et arcu imperdiet ullamcorper. Duis at lacus. Quisque purus sapien, gravida non, sollicitudin a, malesuada id, erat. Etiam vestibulum massa rutrum magna. Cras convallis'),
	('Donec Tincidunt Donec PC', 'Tanya Bernard', '5835788692', '1656750410', 'www.donectinciduntdonecpc.com', 'Ap #812-2049 Dui. St.', 'Moustier-sur-Sambre', 'NV', '57700-3585', 'Lorem ipsum dolor sit amet, consectetuer adipiscing elit. Curabitur sed tortor. Integer aliquam adipiscing lacus. Ut nec urna et arcu imperdiet ullamcorper.'),
	('Sed Associates', 'Juliet Martin', '8335567982', '6782123604', 'www.sedassociates.com', 'Ap #953-3521 Curabitur Road', 'Joinville', 'AK', '65718-7767', 'Lorem ipsum dolor sit amet, consectetuer adipiscing elit. Curabitur sed tortor. Integer aliquam adipiscing lacus.'),
	('Dapibus Corporation', 'Gavin Schultz', '1594927731', '1767826774', 'www.dapibuscorporation.com', '207-2422 A St.', 'Hove', 'NV', '99381-5209', 'Lorem ipsum dolor sit amet, consectetuer'),
	('Auctor Institute', 'Hiroko Kelley', '7535550574', '0038522510', 'www.auctorinstitute.com', '948-4001 Id Ave', 'Baden-Baden', 'MT', '02510-0179', 'Lorem ipsum dolor sit amet, consectetuer adipiscing elit. Curabitur sed tortor. Integer aliquam adipiscing lacus. Ut nec urna et arcu imperdiet ullamcorper. Duis at lacus. Quisque purus sapien, gravida non, sollicitudin a, malesuada'),
	('Aliquam Fringilla Corporation', 'Aquila Obrien', '1502142752', '6712191419', 'www.aliquamfringillacorporation.com', '547-6204 Suspendisse Road', 'Silverton', 'SD', '08218-4823', 'Lorem ipsum dolor sit amet, consectetuer adipiscing elit. Curabitur sed tortor. Integer aliquam adipiscing lacus. Ut nec urna et arcu imperdiet ullamcorper. Duis at lacus. Quisque purus sapien, gravida non, sollicitudin a, malesuada id, erat'),
    ('TEST SUPPLIER', 'TEST', '0123456789', '0123456789', 'www.test.test', '123 Test Road', 'TestLanta', 'GA', '00000-0000', 'TEST SUPPLIER')
;

INSERT INTO AutoPartsStore.Customers(LastName, FirstName, Email, PrimaryPhone,SecondaryPhone,Address,City,State,ZipCode,Notes)
VALUES
	('Pruitt', 'Tatyana', 'ornare.facilisis@doloregestas.ca', '3043555156', '7781447017', 'Ap #673-4174 Arcu St.', 'Kerkhove', 'SD', '86687-0000', 'Lorem ipsum dolor sit amet, consectetuer adipiscing elit. Curabitur sed tortor. Integer aliquam adipiscing lacus. Ut nec urna et arcu imperdiet ullamcorper. Duis at lacus.'),
	('Terrell', 'Bruno', 'eu.elit.Nulla@lectusCumsociis.net', '0259746144', '0273725087', 'P.O. Box 630, 6605 Luctus St.', 'Valcourt', 'AZ', '39097-0000', 'Lorem ipsum dolor sit amet, consectetuer adipiscing elit. Curabitur sed tortor. Integer aliquam adipiscing lacus. Ut nec urna et arcu imperdiet ullamcorper. Duis at lacus. Quisque purus sapien, gravida non, sollicitudin a, malesuada id, erat. Etiam vestibulum massa rutrum magna. Cras convallis convallis'),
	('Turner', 'Amery', 'In@ante.net', '1284581782', '8144083709', '335-1941 Risus Avenue', 'Eghezee', 'OR', '58582-0000', 'Lorem ipsum dolor sit amet, consectetuer adipiscing elit. Curabitur sed tortor. Integer aliquam adipiscing lacus. Ut nec urna et arcu imperdiet ullamcorper. Duis at lacus. Quisque purus sapien, gravida non, sollicitudin a, malesuada id, erat. Etiam vestibulum massa rutrum'),
	('Gould', 'Eagan', 'quis.diam.Pellentesque@nislMaecenasmalesuada.net', '0336197774', '5615226525', '833-5748 Velit Road', 'Gonnosfanadiga', 'FL', '76531-0000', 'Lorem ipsum dolor sit amet, consectetuer adipiscing elit. Curabitur sed tortor. Integer aliquam adipiscing lacus. Ut nec urna et arcu imperdiet ullamcorper. Duis at lacus. Quisque purus sapien, gravida non, sollicitudin a, malesuada id, erat. Etiam vestibulum massa rutrum magna. Cras convallis convallis dolor. Quisque tincidunt pede ac'),
	('Puckett', 'Porter', 'sociis.natoque@Sedcongueelit.edu', '7659575487', '3977210956', 'P.O. Box 991, 7273 Scelerisque Ave', 'Nashville', 'MH', '76559-0000', 'Lorem'),
	('Justice', 'Jeremy', 'dis.parturient.montes@montes.edu', '7080010802', '1958875281', '4395 Tempus Avenue', 'Laren', 'NH', '02013-0000', 'Lorem ipsum dolor sit amet, consectetuer adipiscing elit.'),
	('Schneider', 'Moses', 'libero@egestasAliquam.co.uk', '9752931737', '7276429994', 'P.O. Box 215, 4767 Placerat Road', 'Bonnyville', 'VA', '65382-0000', 'Lorem ipsum dolor sit amet, consectetuer adipiscing elit. Curabitur sed tortor. Integer aliquam adipiscing lacus. Ut nec urna et arcu imperdiet ullamcorper. Duis at lacus. Quisque purus sapien, gravida non, sollicitudin a, malesuada id, erat. Etiam vestibulum massa'),
	('Barrera', 'Kieran', 'consectetuer.mauris.id@sedfacilisisvitae.net', '4552905718', '5864473488', 'Ap #868-5065 Interdum. Av.', 'Hamme-Mille', 'OH', '32634-0000', 'Lorem ipsum dolor sit amet, consectetuer adipiscing elit. Curabitur sed tortor. Integer aliquam adipiscing lacus. Ut nec urna et arcu imperdiet ullamcorper. Duis at lacus. Quisque purus sapien, gravida non, sollicitudin a, malesuada id, erat. Etiam vestibulum massa rutrum magna. Cras convallis convallis dolor. Quisque tincidunt'),
	('Lowery', 'Blake', 'Sed.pharetra@neceuismodin.org', '6105963737', '4416816811', 'Ap #141-4119 Magna. Av.', 'Altavilla Irpina', 'MS', '48815-0000', 'Lorem ipsum dolor sit amet, consectetuer adipiscing elit. Curabitur sed tortor. Integer aliquam adipiscing'),
	('Sanchez', 'Chase', 'blandit.mattis.Cras@lobortisaugue.co.uk', '4780086887', '7541540589', 'P.O. Box 187, 7066 Tortor. Ave', 'Villa Latina', 'OR', '39626-0000', 'Lorem ipsum dolor sit amet, consectetuer adipiscing elit. Curabitur sed tortor. Integer aliquam adipiscing lacus. Ut'),
	('Hudson', 'Rajah', 'Phasellus.at.augue@scelerisquemollisPhasellus.net', '9572925517', '0205720895', '691-1690 Orci. Ave', 'Antey-Saint-Andr', 'MS', '21565-0000', 'Lorem ipsum dolor sit amet, consectetuer adipiscing elit. Curabitur sed tortor. Integer aliquam adipiscing lacus. Ut nec urna'),
	('Andrews', 'Yoshi', 'Aenean.massa@necimperdiet.co.uk', '9043202561', '7089402297', 'P.O. Box 194, 9274 Metus Street', 'Middelburg', 'MI', '23952-0000', 'Lorem ipsum dolor sit amet, consectetuer adipiscing elit. Curabitur sed tortor.'),
	('Howell', 'Regina', 'facilisis@fringillaest.net', '8525224080', '1082068052', 'P.O. Box 822, 7823 Mi Rd.', 'Hyderabad', 'MH', '87436-0000', 'Lorem ipsum'),
	('Rodgers', 'Isabelle', 'nunc@Phasellus.com', '7003577132', '8271855729', 'P.O. Box 705, 821 Hendrerit St.', 'Sainte-Marie-sur-Semois', 'VT', '36286-0000', 'Lorem ipsum dolor sit amet, consectetuer adipiscing elit. Curabitur sed tortor. Integer aliquam adipiscing lacus. Ut nec urna et arcu imperdiet ullamcorper. Duis at lacus. Quisque purus sapien, gravida non, sollicitudin a,'),
	('Frazier', 'Tarik', 'velit.eu.sem@Donecporttitortellus.org', '0043209427', '6284497678', '331 Eleifend St.', 'Lige', 'DE', '41263-0000', 'Lorem ipsum dolor sit amet, consectetuer adipiscing elit.'),
	('Wooten', 'Emma', 'ac.ipsum@Loremipsumdolor.ca', '4081453926', '6700949822', '6283 Mi. Rd.', 'Kitzbhel', 'AE', '26070-0000', 'Lorem ipsum dolor sit amet, consectetuer adipiscing elit. Curabitur sed tortor. Integer aliquam adipiscing lacus. Ut nec urna et'),
	('Harmon', 'Merritt', 'ut.nulla@liberoettristique.ca', '8733947758', '1028317816', '715-2549 Iaculis Ave', 'Valmacca', 'NM', '93194-0000', 'Lorem ipsum dolor sit amet, consectetuer adipiscing elit. Curabitur sed tortor. Integer aliquam adipiscing lacus. Ut nec urna et arcu imperdiet ullamcorper. Duis at lacus. Quisque purus'),
	('Jacobson', 'Vivian', 'ut.cursus@fringilla.net', '7771141134', '9866667159', 'P.O. Box 569, 5814 Proin St.', 'Penco', 'DC', '40347-0000', 'Lorem ipsum dolor sit amet, consectetuer adipiscing elit. Curabitur sed tortor. Integer aliquam adipiscing lacus. Ut nec urna et arcu imperdiet ullamcorper. Duis at lacus. Quisque purus sapien, gravida non, sollicitudin a, malesuada id, erat. Etiam vestibulum massa rutrum magna. Cras convallis convallis dolor. Quisque tincidunt pede ac urna. Ut'),
	('Eaton', 'Zeph', 'iaculis.lacus@Curabiturvel.net', '8613531730', '7675589072', '637-807 Maecenas Avenue', 'Mazzano Romano', 'AP', '98111-0000', 'Lorem ipsum dolor sit amet, consectetuer adipiscing elit. Curabitur sed tortor. Integer aliquam adipiscing lacus. Ut nec urna et arcu'),
	('Beck', 'Stone', 'Quisque@temporarcuVestibulum.co.uk', '2782195666', '2617969733', '9570 Cursus Road', 'Pitt Meadows', 'WV', '70299-0000', 'Lorem ipsum dolor sit amet, consectetuer adipiscing elit. Curabitur sed tortor. Integer aliquam adipiscing lacus. Ut nec urna et arcu imperdiet ullamcorper. Duis'),
	('Love', 'Adrian', 'posuere@Donecnibh.ca', '4851290080', '4588654396', '5621 Tristique Avenue', 'Waarmaarde', 'MN', '64488-0000', 'Lorem ipsum dolor'),
	('Norris', 'Scarlett', 'Mauris.non.dui@disparturientmontes.co.uk', '1031508490', '5794967660', 'Ap #294-773 Aliquam St.', 'Pemberton', 'OK', '64930-0000', 'Lorem ipsum dolor sit amet, consectetuer adipiscing elit. Curabitur sed tortor. Integer aliquam adipiscing lacus. Ut nec urna et arcu imperdiet ullamcorper.'),
	('Bolton', 'Indira', 'tincidunt.orci@sit.net', '0077417604', '1072184561', '689-5677 Montes, St.', 'Vidisha', 'ND', '78991-0000', 'Lorem ipsum dolor sit amet, consectetuer adipiscing'),
	('Watts', 'Jermaine', 'dictum.ultricies@ascelerisque.org', '6397556556', '7832017230', 'P.O. Box 496, 4147 Porttitor Road', 'Regensburg', 'HI', '26877-0000', 'Lorem ipsum dolor sit amet, consectetuer adipiscing elit. Curabitur sed tortor. Integer aliquam adipiscing lacus. Ut nec urna et arcu imperdiet ullamcorper. Duis at lacus. Quisque purus sapien, gravida non, sollicitudin a, malesuada id, erat. Etiam vestibulum massa rutrum magna. Cras convallis convallis dolor.'),
	('Howell', 'Oleg', 'malesuada.fames.ac@Morbi.ca', '5677652199', '6004661130', 'P.O. Box 809, 6365 Nam Rd.', 'Torquay', 'AZ', '93040-0000', 'Lorem ipsum dolor sit amet, consectetuer adipiscing elit. Curabitur sed tortor. Integer aliquam adipiscing lacus. Ut nec urna et arcu imperdiet ullamcorper. Duis at lacus. Quisque purus sapien, gravida non, sollicitudin a, malesuada id, erat. Etiam vestibulum massa rutrum magna.'),
	('Hebert', 'Lucy', 'Cras.eget.nisi@miDuis.edu', '7202189546', '0652191705', '2358 Phasellus Road', 'Pozna', 'GA', '18794-0000', 'Lorem ipsum dolor sit amet, consectetuer adipiscing elit. Curabitur sed tortor. Integer aliquam adipiscing lacus. Ut nec urna et arcu imperdiet ullamcorper. Duis at lacus. Quisque purus sapien, gravida non,'),
	('Murphy', 'Ingrid', 'Duis@mi.net', '6468761526', '8830497565', 'Ap #937-4181 Adipiscing Street', 'Miramichi', 'SD', '65295-0000', 'Lorem ipsum'),
	('Barnes', 'Daniel', 'faucibus.Morbi@atliberoMorbi.com', '5387236079', '6400322508', '285-1639 Lorem Rd.', 'Oxford', 'CO', '39421-0000', 'Lorem ipsum dolor sit amet, consectetuer adipiscing elit. Curabitur sed tortor. Integer aliquam adipiscing lacus. Ut nec urna et arcu imperdiet ullamcorper. Duis at lacus. Quisque purus sapien, gravida non, sollicitudin a, malesuada id, erat. Etiam vestibulum'),
	('Lancaster', 'Mira', 'augue@dignissim.net', '0479683952', '0131456035', 'P.O. Box 171, 5003 Pede Street', 'Harderwijk', 'CA', '77350-0000', 'Lorem ipsum dolor sit amet, consectetuer adipiscing elit. Curabitur sed tortor. Integer aliquam adipiscing lacus. Ut nec urna et arcu imperdiet ullamcorper. Duis at'),
	('Macdonald', 'Eric', 'ligula.Donec.luctus@natoquepenatibus.org', '8143510534', '3006798592', 'Ap #407-8016 At, Street', 'Swan', 'DC', '88496-0000', 'Lorem ipsum dolor sit amet, consectetuer adipiscing elit. Curabitur sed tortor. Integer aliquam adipiscing lacus. Ut nec urna et arcu imperdiet ullamcorper. Duis at lacus. Quisque purus'),
	('Mack', 'Katelyn', 'Etiam.laoreet.libero@loremipsumsodales.net', '1358991587', '4405996468', '5748 Eget Avenue', 'Valda', 'AE', '19268-0000', 'Lorem ipsum dolor sit amet, consectetuer adipiscing elit. Curabitur sed tortor. Integer aliquam adipiscing lacus. Ut nec urna et arcu imperdiet ullamcorper. Duis at lacus. Quisque purus sapien, gravida non, sollicitudin a, malesuada id, erat. Etiam vestibulum massa rutrum magna. Cras convallis convallis dolor. Quisque tincidunt pede ac urna. Ut'),
	('Ayers', 'Imani', 'mi.Duis.risus@utpellentesque.org', '8557359721', '7791094780', '769-6254 Non Ave', 'Kolhapur', 'DC', '17971-0000', 'Lorem ipsum dolor sit amet, consectetuer adipiscing elit. Curabitur sed tortor. Integer aliquam adipiscing lacus. Ut nec urna et arcu imperdiet ullamcorper. Duis at lacus. Quisque purus sapien,'),
	('Dyer', 'Xaviera', 'eu.tempor@tempus.com', '2511385121', '2891549171', '7442 Eleifend, Street', 'North Berwick', 'LA', '72212-0000', 'Lorem ipsum dolor sit amet, consectetuer adipiscing elit. Curabitur sed tortor. Integer aliquam adipiscing lacus. Ut nec urna et'),
	('Richmond', 'Delilah', 'nibh@nasceturridiculusmus.ca', '3656053574', '0191478268', '5798 Vitae St.', 'Prestatyn', 'AP', '34538-0000', 'Lorem ipsum dolor sit amet, consectetuer adipiscing elit. Curabitur sed tortor. Integer aliquam adipiscing lacus. Ut nec urna et arcu imperdiet ullamcorper. Duis at lacus. Quisque purus sapien, gravida non, sollicitudin a, malesuada id, erat. Etiam vestibulum massa'),
	('Petty', 'Emery', 'malesuada@Inmi.co.uk', '5630608892', '9941832544', '344-2256 Velit Av.', 'Carluke', 'MI', '97375-0000', 'Lorem ipsum dolor sit amet, consectetuer adipiscing elit. Curabitur sed tortor. Integer aliquam adipiscing lacus. Ut nec urna et arcu imperdiet ullamcorper. Duis at lacus. Quisque purus sapien, gravida non, sollicitudin a, malesuada id, erat. Etiam'),
	('Lynn', 'Latifah', 'faucibus.lectus@Morbi.co.uk', '7687866629', '4172762431', '224-2238 Euismod Avenue', 'Quedlinburg', 'WI', '08005-0000', 'Lorem ipsum dolor sit amet, consectetuer adipiscing elit. Curabitur sed tortor. Integer aliquam adipiscing lacus. Ut nec urna et arcu imperdiet ullamcorper. Duis at lacus. Quisque purus sapien, gravida non, sollicitudin a,'),
	('Berg', 'Hayley', 'eget@anteipsumprimis.co.uk', '0182453706', '0932915586', '298-3604 Vel Ave', 'Rechnitz', 'MH', '50550-0000', 'Lorem ipsum dolor sit amet, consectetuer adipiscing elit. Curabitur sed tortor. Integer aliquam adipiscing lacus. Ut nec urna et arcu imperdiet ullamcorper. Duis at lacus. Quisque purus sapien, gravida non, sollicitudin a, malesuada id, erat. Etiam vestibulum massa rutrum magna. Cras convallis convallis dolor. Quisque'),
	('Trujillo', 'Cole', 'sit.amet@faucibusorciluctus.co.uk', '4442680620', '7101320581', '352-9171 Mauris St.', 'B.S.D.', 'NE', '84107-0000', 'Lorem ipsum dolor sit amet, consectetuer adipiscing elit. Curabitur sed tortor. Integer aliquam adipiscing lacus. Ut nec urna et arcu imperdiet ullamcorper. Duis at lacus. Quisque purus sapien, gravida non, sollicitudin'),
	('Gilbert', 'Erasmus', 'interdum.Nunc@elementumloremut.org', '4382259768', '5364699756', '1673 Placerat, Ave', 'Hindupur', 'AE', '09070-0000', 'Lorem ipsum dolor sit amet, consectetuer adipiscing elit. Curabitur sed tortor. Integer aliquam adipiscing lacus. Ut nec urna et arcu imperdiet ullamcorper. Duis at lacus. Quisque purus sapien, gravida non, sollicitudin a, malesuada'),
	('Barrett', 'Simon', 'enim@orciconsectetuer.org', '8675058021', '7130550885', 'P.O. Box 927, 1695 Orci Rd.', 'Unnao', 'AK', '94191-0000', 'Lorem ipsum dolor sit amet, consectetuer adipiscing elit. Curabitur sed tortor. Integer aliquam adipiscing lacus. Ut nec urna et arcu imperdiet ullamcorper. Duis at lacus. Quisque purus sapien, gravida non, sollicitudin a, malesuada id, erat. Etiam vestibulum'),
	('Williamson', 'Hyacinth', 'Donec@afelis.com', '1324223922', '7160571198', 'Ap #587-1150 Nibh Rd.', 'Picinisco', 'OK', '40612-0000', 'Lorem ipsum dolor sit amet, consectetuer adipiscing elit. Curabitur sed tortor. Integer aliquam adipiscing lacus. Ut nec urna et arcu imperdiet ullamcorper. Duis at lacus. Quisque purus sapien, gravida non, sollicitudin a, malesuada id, erat. Etiam vestibulum massa rutrum'),
	('Sheppard', 'Judah', 'euismod@acipsum.co.uk', '6846591782', '0399661011', '5284 At, Road', 'Vnersborg', 'HI', '46001-0000', 'Lorem ipsum dolor sit amet, consectetuer adipiscing elit. Curabitur sed tortor. Integer aliquam adipiscing lacus. Ut nec urna et arcu imperdiet ullamcorper. Duis at lacus. Quisque purus sapien, gravida non, sollicitudin a, malesuada id, erat. Etiam vestibulum massa rutrum magna. Cras convallis convallis dolor. Quisque'),
	('Molina', 'Brenna', 'enim.sit.amet@tristique.org', '5945082273', '9825252246', '182-7166 Proin Rd.', 'Caramanico Terme', 'ID', '91145-0000', 'Lorem ipsum dolor sit amet, consectetuer adipiscing elit. Curabitur sed tortor. Integer aliquam adipiscing lacus. Ut nec urna et arcu imperdiet ullamcorper. Duis at lacus. Quisque purus sapien, gravida non, sollicitudin a, malesuada id, erat. Etiam vestibulum massa rutrum magna. Cras convallis convallis dolor. Quisque tincidunt'),
	('Webster', 'Nicole', 'a@faucibus.ca', '9898896956', '6650898447', 'P.O. Box 392, 9446 Arcu Av.', 'Armungia', 'MH', '94818-0000', 'Lorem ipsum dolor sit amet, consectetuer adipiscing elit. Curabitur sed tortor. Integer aliquam adipiscing lacus. Ut nec urna et arcu imperdiet ullamcorper.'),
	('Wallace', 'Doris', 'Quisque.tincidunt.pede@ridiculusmus.ca', '5618700222', '0412277048', 'Ap #335-5948 Risus. St.', 'Kdzierzyn-Kole', 'MN', '58709-0000', 'Lorem ipsum dolor sit amet, consectetuer adipiscing elit. Curabitur sed tortor. Integer aliquam adipiscing lacus. Ut nec urna et arcu imperdiet ullamcorper. Duis at lacus. Quisque purus sapien, gravida non, sollicitudin a, malesuada id,'),
	('Valencia', 'Chancellor', 'urna.Ut@turpis.ca', '7675078843', '8649557332', '231-8546 Mauris, Rd.', 'Orsara di Puglia', 'DE', '70370-0000', 'Lorem ipsum dolor sit amet, consectetuer adipiscing elit. Curabitur sed tortor. Integer aliquam adipiscing lacus. Ut nec urna et arcu imperdiet ullamcorper. Duis at lacus. Quisque purus sapien, gravida non, sollicitudin a, malesuada id, erat. Etiam vestibulum massa rutrum magna. Cras convallis convallis dolor. Quisque tincidunt pede ac urna.'),
	('Ford', 'Jessamine', 'risus@adipiscingligulaAenean.com', '0397446866', '2430795293', 'Ap #710-6070 Semper Av.', 'Traralgon', 'FL', '68626-0000', 'Lorem ipsum dolor sit amet, consectetuer adipiscing elit. Curabitur sed'),
	('Harrington', 'Hu', 'Aenean.eget.metus@Sed.edu', '3699063862', '0497956041', '3415 Lorem. Avenue', 'Westmount', 'OK', '71299-0000', 'Lorem ipsum dolor sit amet, consectetuer adipiscing elit. Curabitur sed tortor. Integer aliquam adipiscing lacus. Ut nec urna et'),
	('Olson', 'Yeo', 'Donec@lacusCras.co.uk', '2168538575', '8043977595', '9387 Enim. Road', 'Kapuskasing', 'HI', '47536-0000', 'Lorem'),
	('Medina', 'Beverly', 'nulla@quislectus.net', '4997758373', '5755808389', 'P.O. Box 975, 1277 Auctor, Rd.', 'Cobourg', 'CO', '13158-0000', 'Lorem ipsum dolor sit amet, consectetuer adipiscing elit. Curabitur sed tortor. Integer aliquam adipiscing lacus. Ut nec urna et arcu imperdiet ullamcorper. Duis at lacus. Quisque purus sapien, gravida non, sollicitudin'),
	('Waters', 'Quintessa', 'porttitor.vulputate.posuere@montesnascetur.edu', '3869672847', '7019595845', 'P.O. Box 208, 3344 Amet Street', 'Montpelier', 'AR', '54199-0000', 'Lorem ipsum dolor'),
	('Williams', 'Nathaniel', 'Vivamus.molestie@lacusNulla.ca', '9737994387', '8595269940', '145-2586 Enim, Rd.', 'Gasp', 'KS', '89608-0000', 'Lorem ipsum dolor sit amet, consectetuer adipiscing elit. Curabitur sed tortor. Integer aliquam adipiscing lacus. Ut nec urna et arcu imperdiet ullamcorper. Duis at lacus. Quisque purus sapien,'),
	('Cantrell', 'Leigh', 'id@adipiscingenim.ca', '3237111750', '4173787962', '7787 Vel Rd.', 'Bhilai', 'MH', '14111-0000', 'Lorem ipsum dolor sit amet, consectetuer adipiscing elit. Curabitur sed tortor. Integer aliquam adipiscing lacus. Ut nec urna et arcu imperdiet ullamcorper. Duis at lacus. Quisque purus sapien, gravida'),
	('Carroll', 'Buffy', 'in.molestie.tortor@inconsequatenim.org', '3925184581', '5565664325', '3422 Eu Street', 'Rocky Mountain House', 'TN', '18987-0000', 'Lorem ipsum dolor sit amet, consectetuer adipiscing elit. Curabitur sed tortor. Integer aliquam adipiscing lacus.'),
	('Roy', 'Tarik', 'erat.neque.non@id.ca', '2316587918', '2505413348', '5567 Pharetra St.', 'Ingraj Bazar', 'NE', '66316-0000', 'Lorem ipsum dolor sit amet, consectetuer adipiscing elit. Curabitur sed tortor. Integer aliquam adipiscing lacus. Ut nec urna et arcu imperdiet ullamcorper. Duis at lacus.'),
	('Kent', 'Russell', 'fermentum.fermentum@sollicitudincommodo.org', '6285995175', '3301460941', 'P.O. Box 164, 6187 Et, Rd.', 'Chapra', 'OH', '84057-0000', 'Lorem ipsum dolor sit amet, consectetuer adipiscing'),
	('Patel', 'Kirby', 'inceptos@augueSed.net', '0665566245', '2185175563', '407-9468 Erat. Ave', 'Vellore', 'NM', '94634-0000', 'Lorem ipsum dolor sit amet, consectetuer adipiscing elit. Curabitur sed tortor. Integer aliquam adipiscing lacus. Ut nec'),
	('Wheeler', 'Lani', 'cursus@egestasurna.co.uk', '7301774315', '0255627739', '810-419 Nulla St.', 'Strijtem', 'MI', '42269-0000', 'Lorem ipsum dolor'),
	('Berg', 'Charity', 'luctus.felis.purus@suscipit.ca', '5307857496', '5543190541', '814-2053 Ridiculus St.', 'Montes Claros', 'OR', '85556-0000', 'Lorem ipsum dolor sit amet, consectetuer adipiscing elit. Curabitur sed tortor. Integer aliquam adipiscing lacus. Ut nec urna et arcu imperdiet ullamcorper. Duis at lacus. Quisque purus sapien, gravida non, sollicitudin a, malesuada id, erat. Etiam vestibulum massa rutrum magna. Cras convallis convallis'),
	('Bolton', 'Kameko', 'nec.mollis@malesuadafamesac.co.uk', '6652905817', '7005189734', '400-8345 Nam Ave', 'Zierikzee', 'MO', '63851-0000', 'Lorem ipsum dolor sit amet, consectetuer adipiscing elit. Curabitur sed tortor. Integer aliquam adipiscing lacus. Ut nec urna et arcu imperdiet ullamcorper. Duis at lacus. Quisque purus'),
	('Roberson', 'Patricia', 'libero.Donec@semmolestie.com', '1043340174', '1752611422', '1010 Leo. St.', 'Alkmaar', 'MD', '28968-0000', 'Lorem ipsum dolor sit amet, consectetuer adipiscing elit. Curabitur sed tortor. Integer aliquam adipiscing lacus. Ut nec urna et arcu imperdiet ullamcorper. Duis at'),
	('Suarez', 'Armand', 'tortor@Suspendissealiquet.edu', '4737490636', '6931599447', 'Ap #986-7959 Nibh. Av.', 'Lede', 'OH', '96587-0000', 'Lorem ipsum dolor sit amet, consectetuer adipiscing elit. Curabitur sed tortor. Integer aliquam adipiscing lacus. Ut nec urna et arcu imperdiet ullamcorper. Duis at lacus. Quisque purus sapien, gravida non, sollicitudin a, malesuada id, erat. Etiam vestibulum massa rutrum magna. Cras convallis convallis dolor. Quisque'),
	('Chandler', 'Hamish', 'iaculis.odio.Nam@etlaciniavitae.com', '7740367886', '7721673103', 'Ap #623-9329 Malesuada. St.', 'Chiguayante', 'UT', '30471-0000', 'Lorem ipsum dolor sit amet, consectetuer adipiscing elit. Curabitur sed tortor. Integer aliquam adipiscing lacus. Ut nec urna et arcu imperdiet ullamcorper. Duis'),
	('Kemp', 'Owen', 'mollis.non@et.com', '7854863967', '1100280350', 'P.O. Box 358, 503 Ipsum Av.', 'Monteroni d''Arbia', 'AA', '20720-0000', 'Lorem ipsum dolor sit amet, consectetuer adipiscing elit. Curabitur sed tortor. Integer aliquam adipiscing lacus. Ut nec urna et arcu imperdiet ullamcorper. Duis at lacus. Quisque purus sapien, gravida non, sollicitudin a, malesuada id, erat. Etiam vestibulum massa rutrum magna. Cras convallis convallis'),
	('Bauer', 'Kamal', 'velit.Pellentesque@mauris.net', '1705035658', '0454679332', 'P.O. Box 575, 7105 Nisi Av.', 'Romeral', 'OR', '25329-0000', 'Lorem ipsum dolor sit amet, consectetuer adipiscing elit. Curabitur sed tortor. Integer aliquam adipiscing lacus. Ut nec urna et arcu imperdiet ullamcorper. Duis at lacus. Quisque purus sapien, gravida non, sollicitudin a, malesuada id, erat.'),
	('Burnett', 'Minerva', 'lorem.sit@fringillacursus.co.uk', '5265488009', '4129073275', '3095 Nibh. Avenue', 'Abergele', 'FL', '28915-0000', 'Lorem ipsum dolor sit amet, consectetuer'),
	('Byers', 'Leonard', 'orci.in@Integer.com', '8370309442', '5746080681', 'Ap #760-9343 Vehicula Avenue', 'Beersel', 'DE', '18898-0000', 'Lorem ipsum dolor sit amet, consectetuer adipiscing elit. Curabitur sed tortor. Integer aliquam adipiscing lacus. Ut nec urna et arcu imperdiet ullamcorper. Duis at lacus. Quisque purus sapien, gravida non, sollicitudin a, malesuada id, erat. Etiam'),
	('Petersen', 'Marny', 'Nullam@liberoet.co.uk', '2463343723', '3230585663', '1569 Tellus, Rd.', 'Paderborn', 'ID', '84175-0000', 'Lorem ipsum dolor sit amet, consectetuer adipiscing elit. Curabitur sed tortor. Integer aliquam adipiscing lacus. Ut nec urna et arcu imperdiet ullamcorper. Duis at lacus. Quisque purus sapien, gravida non, sollicitudin a, malesuada id, erat. Etiam'),
	('Walton', 'Mikayla', 'Sed.dictum.Proin@augue.net', '8425649210', '9412007424', 'P.O. Box 204, 6267 Ridiculus Av.', 'Tiruvarur', 'OK', '89734-0000', 'Lorem ipsum dolor sit amet, consectetuer adipiscing elit. Curabitur sed tortor. Integer aliquam adipiscing lacus. Ut nec'),
	('Simon', 'Harrison', 'eu.turpis@tellusloremeu.org', '0135918382', '0900032596', 'P.O. Box 823, 7785 Fusce Street', 'Nalinnes', 'MN', '24136-0000', 'Lorem ipsum dolor sit amet, consectetuer adipiscing elit. Curabitur sed tortor. Integer aliquam adipiscing lacus. Ut nec urna et arcu imperdiet'),
	('Valencia', 'Galvin', 'Cras.dictum@eleifendnon.ca', '7274771366', '9617526912', '9967 Massa. Av.', 'Calco', 'TN', '29729-0000', 'Lorem ipsum dolor sit amet, consectetuer adipiscing elit. Curabitur sed tortor. Integer aliquam adipiscing lacus. Ut nec urna'),
	('Chavez', 'Reagan', 'dui.nec@FuscefeugiatLorem.co.uk', '7350009019', '2674885461', 'P.O. Box 357, 866 Eget, St.', 'Algarrobo', 'HI', '06750-0000', 'Lorem ipsum dolor sit amet, consectetuer adipiscing elit. Curabitur sed tortor. Integer aliquam adipiscing lacus. Ut nec urna et arcu imperdiet ullamcorper. Duis at lacus. Quisque purus sapien, gravida'),
	('Lang', 'Mason', 'venenatis.lacus.Etiam@ornareegestasligula.co.uk', '9000833859', '9656052624', 'P.O. Box 378, 3234 Aliquam Rd.', 'Montpellier', 'TX', '03232-0000', 'Lorem ipsum dolor sit amet, consectetuer adipiscing elit. Curabitur sed tortor. Integer aliquam adipiscing lacus. Ut nec urna et arcu imperdiet ullamcorper. Duis at lacus. Quisque purus sapien, gravida non,'),
	('Whitehead', 'Dakota', 'venenatis.a.magna@Duis.org', '3740327711', '0047290228', 'P.O. Box 429, 8409 Consectetuer Rd.', 'Moncton', 'WA', '94601-0000', 'Lorem ipsum dolor sit amet, consectetuer adipiscing elit. Curabitur sed tortor. Integer aliquam adipiscing lacus. Ut nec urna et arcu imperdiet ullamcorper. Duis at lacus.'),
	('Ramirez', 'Freya', 'vulputate.posuere@montesnasceturridiculus.co.uk', '1295319422', '4427374610', 'P.O. Box 698, 7611 Nam St.', 'Pincher Creek', 'IN', '16974-0000', 'Lorem ipsum dolor sit amet, consectetuer adipiscing elit. Curabitur sed tortor. Integer aliquam adipiscing lacus. Ut nec urna et arcu imperdiet ullamcorper. Duis at lacus. Quisque purus sapien, gravida non, sollicitudin a, malesuada id, erat. Etiam vestibulum massa rutrum magna. Cras convallis convallis dolor. Quisque tincidunt pede ac urna.'),
	('Watts', 'Eaton', 'Quisque.ornare.tortor@sagittis.net', '7260097915', '8913360155', '157-7679 Nec, Avenue', 'Laja', 'GA', '12458-0000', 'Lorem ipsum dolor sit amet, consectetuer adipiscing elit. Curabitur sed'),
	('Henry', 'Savannah', 'cursus@Suspendissetristique.ca', '4788855800', '0587514996', '741-3614 Sollicitudin Road', 'Cavaso del Tomba', 'SC', '90235-0000', 'Lorem ipsum dolor sit amet, consectetuer adipiscing elit. Curabitur sed tortor. Integer aliquam adipiscing lacus. Ut nec urna et arcu imperdiet ullamcorper. Duis at lacus. Quisque purus sapien, gravida non, sollicitudin a, malesuada id, erat. Etiam'),
	('Stuart', 'Carissa', 'mollis.dui@ac.com', '4185428933', '4310995208', 'Ap #414-8391 Ultrices. St.', 'Bertre', 'GA', '79638-0000', 'Lorem ipsum dolor sit amet, consectetuer adipiscing elit. Curabitur sed tortor. Integer aliquam adipiscing lacus. Ut nec urna et arcu imperdiet ullamcorper. Duis at lacus. Quisque purus sapien, gravida non, sollicitudin a, malesuada id, erat. Etiam vestibulum massa rutrum magna. Cras convallis convallis dolor. Quisque tincidunt pede ac urna.'),
	('Hansen', 'Hasad', 'elementum.lorem.ut@adipiscingelit.co.uk', '1735493690', '8571737787', '1179 Non, Rd.', 'Flint', 'RI', '78587-0000', 'Lorem ipsum dolor sit amet, consectetuer adipiscing elit. Curabitur sed tortor. Integer aliquam adipiscing lacus. Ut nec urna et arcu imperdiet ullamcorper. Duis at lacus. Quisque purus sapien,'),
	('Hull', 'Hedda', 'quis.pede@libero.co.uk', '7580329843', '1547537657', 'P.O. Box 333, 4801 Enim. Rd.', 'Cork', 'OR', '97102-0000', 'Lorem ipsum dolor sit amet, consectetuer adipiscing elit. Curabitur sed tortor. Integer aliquam adipiscing lacus. Ut nec urna et arcu imperdiet ullamcorper. Duis at lacus. Quisque purus sapien, gravida non, sollicitudin a, malesuada id, erat. Etiam vestibulum massa rutrum magna. Cras convallis'),
	('Berry', 'Leroy', 'morbi.tristique.senectus@pedenonummy.edu', '5902364387', '8607991657', 'Ap #561-4540 Nec, Av.', 'San Giuliano di Puglia', 'SD', '75125-0000', 'Lorem ipsum dolor sit amet, consectetuer adipiscing elit. Curabitur sed tortor. Integer aliquam adipiscing lacus. Ut nec urna et arcu imperdiet ullamcorper. Duis at lacus. Quisque purus sapien, gravida non, sollicitudin a, malesuada id, erat. Etiam vestibulum massa rutrum magna. Cras convallis convallis dolor. Quisque tincidunt pede ac urna. Ut'),
	('Perkins', 'Samuel', 'tincidunt.nunc.ac@Nunccommodo.com', '1523468344', '4322675374', '481-9605 Justo St.', 'Schaarbeek', 'PA', '07466-0000', 'Lorem ipsum dolor sit amet, consectetuer adipiscing elit. Curabitur sed tortor. Integer aliquam adipiscing lacus. Ut nec urna et arcu imperdiet ullamcorper. Duis at lacus.'),
	('Villarreal', 'Macon', 'nulla@atfringilla.edu', '3707436902', '2527236357', 'Ap #675-7848 Sapien, Rd.', 'Cittanova', 'HI', '01697-0000', 'Lorem ipsum dolor sit amet, consectetuer adipiscing elit. Curabitur'),
	('Kramer', 'Serena', 'dui.lectus@enimnec.co.uk', '4591339685', '0982709645', 'Ap #900-5795 Aptent St.', 'Iqaluit', 'WV', '59900-0000', 'Lorem ipsum dolor sit amet, consectetuer adipiscing elit. Curabitur'),
	('Benjamin', 'Erasmus', 'dolor@convallisest.net', '3926420756', '4620013092', 'P.O. Box 866, 2506 Pharetra St.', 'Teltow', 'SC', '57224-0000', 'Lorem ipsum dolor sit amet, consectetuer adipiscing elit. Curabitur sed'),
	('Peterson', 'Priscilla', 'egestas@luctus.edu', '7607699039', '2064339089', 'Ap #990-9546 Odio Road', 'Opole', 'MD', '28888-0000', 'Lorem ipsum dolor sit amet, consectetuer adipiscing elit. Curabitur sed tortor. Integer aliquam'),
	('Crawford', 'Nelle', 'aliquam@mauris.org', '0960603229', '3226274017', 'P.O. Box 447, 8783 Sodales Street', 'Caete', 'TN', '59555-0000', 'Lorem ipsum dolor sit amet, consectetuer adipiscing elit. Curabitur sed tortor. Integer aliquam adipiscing lacus. Ut nec urna et arcu imperdiet ullamcorper. Duis at lacus. Quisque purus sapien, gravida non, sollicitudin a, malesuada id, erat. Etiam vestibulum massa rutrum magna. Cras convallis convallis dolor. Quisque tincidunt pede ac urna.'),
	('Ball', 'Nigel', 'nostra.per.inceptos@augueeu.org', '7137922620', '9758089483', '6278 Nam Road', 'Moen', 'IA', '66441-0000', 'Lorem ipsum dolor sit amet, consectetuer adipiscing elit. Curabitur sed'),
	('Randall', 'Elmo', 'mus.Donec@ami.net', '5990629899', '1202355526', 'Ap #516-3853 Lacus, Road', 'Anzi', 'MS', '83761-0000', 'Lorem ipsum dolor sit amet, consectetuer adipiscing elit. Curabitur sed tortor. Integer aliquam adipiscing lacus. Ut nec urna et arcu imperdiet ullamcorper. Duis at lacus. Quisque purus sapien, gravida non, sollicitudin a, malesuada id, erat.'),
	('Cain', 'Brenda', 'sit.amet@nulla.ca', '0334450235', '9672177329', 'P.O. Box 958, 9717 Accumsan Av.', 'Brisbane', 'HI', '54722-0000', 'Lorem ipsum dolor sit amet, consectetuer adipiscing elit. Curabitur sed tortor. Integer aliquam'),
	('Roberts', 'Dorothy', 'vel.vulputate@loremipsumsodales.org', '3280345810', '5206494600', '3412 Tortor Road', 'Arbre', 'DE', '36008-0000', 'Lorem ipsum dolor sit amet, consectetuer adipiscing elit.'),
	('Gallegos', 'Dylan', 'metus.Aliquam.erat@magnaNamligula.co.uk', '8113010478', '1503403959', 'Ap #261-7023 Magna. Ave', 'Mombaruzzo', 'PA', '66153-0000', 'Lorem ipsum dolor sit amet, consectetuer adipiscing elit. Curabitur sed tortor. Integer aliquam adipiscing lacus. Ut nec urna et arcu imperdiet ullamcorper. Duis at lacus. Quisque purus sapien, gravida non, sollicitudin a, malesuada id, erat. Etiam vestibulum massa rutrum magna. Cras convallis convallis'),
	('Boyd', 'Baxter', 'purus.Maecenas.libero@variuseteuismod.co.uk', '7986105646', '3421972368', '1687 Volutpat Rd.', 'San Giorgio Albanese', 'OK', '83385-0000', 'Lorem ipsum dolor sit amet, consectetuer adipiscing elit. Curabitur sed tortor. Integer aliquam adipiscing lacus. Ut nec urna et arcu imperdiet ullamcorper. Duis at lacus. Quisque purus sapien,'),
	('Guerrero', 'Francesca', 'tellus.imperdiet@disparturientmontes.ca', '3854750384', '6756730422', 'Ap #187-3729 Adipiscing. Av.', 'Matagami', 'AR', '45412-0000', 'Lorem ipsum dolor sit amet, consectetuer adipiscing elit. Curabitur sed tortor.'),
	('Norman', 'Jared', 'augue.eu.tempor@vitaerisus.net', '1658824883', '5403800235', 'Ap #654-1933 Aliquam St.', 'Waardamme', 'AR', '67797-0000', 'Lorem ipsum dolor sit amet, consectetuer adipiscing elit. Curabitur sed tortor. Integer aliquam adipiscing lacus. Ut nec urna et arcu imperdiet'),
	('Case', 'Felix', 'Aliquam@diamluctuslobortis.com', '7950962730', '2593502456', 'Ap #984-9414 Lorem. Rd.', 'Pitt Meadows', 'MO', '64480-0000', 'Lorem ipsum dolor sit amet, consectetuer adipiscing elit. Curabitur sed tortor. Integer aliquam adipiscing lacus. Ut nec urna et arcu imperdiet ullamcorper. Duis at lacus. Quisque purus sapien, gravida non, sollicitudin a, malesuada id, erat. Etiam vestibulum massa rutrum magna. Cras convallis convallis dolor. Quisque tincidunt pede ac'),
	('Brady', 'Gil', 'montes.nascetur.ridiculus@diamloremauctor.ca', '9335445306', '9780959398', 'P.O. Box 252, 8922 Vitae Ave', 'Bad Neuenahr-Ahrweiler', 'AE', '81764-0000', 'Lorem ipsum'),
	('Chandler', 'Aurelia', 'consequat.dolor@parturientmontesnascetur.org', '6701412290', '6787185253', 'P.O. Box 592, 3202 Mus. Road', 'Lasne-Chapelle-Saint-Lambert', 'CT', '66682-0000', 'Lorem ipsum dolor sit amet, consectetuer adipiscing elit. Curabitur sed tortor. Integer aliquam adipiscing lacus.'),
	('Bowman', 'Helen', 'Nulla.facilisi@tristiquenequevenenatis.co.uk', '6749151416', '1828084881', 'P.O. Box 386, 2140 Natoque St.', 'Leke', 'KS', '55952-0000', 'Lorem ipsum dolor sit amet, consectetuer adipiscing elit. Curabitur sed tortor. Integer aliquam adipiscing lacus. Ut nec urna et arcu imperdiet ullamcorper. Duis at lacus.'),
	('Eaton', 'Owen', 'eu.odio.tristique@non.net', '2608844552', '0900884851', '723-3209 Justo. Av.', 'San Rosendo', 'IA', '38598-0000', 'Lorem ipsum dolor sit amet, consectetuer adipiscing elit. Curabitur sed tortor. Integer aliquam adipiscing lacus. Ut nec urna et arcu imperdiet ullamcorper. Duis at lacus. Quisqu')
;

INSERT INTO AutoPartsStore.Parts (SupplierID, CarID, Name, Category, PartDescription, PricePerUnit, Discontinued, QuantityOnHand)
VALUES
    (1, 1, 'Hub Cab', 'Wheels', 'Chome hub cap', 50.00, 0, 1),
    (2, 1, 'Windshield Wiper Blade', 'Windows', 'Black wiper blades', 8.00, 0, 2),
    (3, 1, 'Tire', 'Wheels', 'Heavy duty', 75.00, 1, 5),
    (4, 1, 'Floor Mat', 'Accessories', 'Rubber floor mats', 15.00, 0, 2),
    (5, 1, 'Spark Plug', 'Electrical', 'Standard', 10.00, 0, 25),
    (1, 2, 'Puncture Repair Kit', 'Wheels', 'Repair kit for flat tire', 50.00, 0, 100),
    (2, 2, 'Tinted Windshield', 'Windows', 'Windshield provides UV protection', 100.00, 0, 1),
    (3, 2, 'Tire', 'Wheels', 'Track tire', 90.00, 0, 1),
    (4, 2, 'Air Freshener', 'Accessories', 'Citrus-scented freshener hangs on mirror', 25.00, 0, 25),
    (5, 2, 'Fuse', 'Electrical', 'Standard', 1.00, 0, 1),
    (1, 3, 'Steering Wheel', 'Steering', 'Standard', 100.00, 0, 5),
    (2, 3, 'Door Latch', 'Interior', 'Dark gray', 3.00, 0, 2),
    (3, 3, 'Headlight', 'Electrical', 'Extra bright', 16.00, 0, 20),
    (4, 3, 'Turn Signal', 'Electrical', 'Standard', 12.00, 0, 3),
    (5, 4, 'Brake Light', 'Electrical', 'Standard', 12.00, 0, 1),
    (1, 4, 'Seat', 'Interior', 'Red bucket seat', 200.00, 0, 1),
    (2, 4, 'Seat', 'Interior', 'Gray bench seat', 200.00, 0, 2),
    (3, 4, 'Floor Mat', 'Accessories', 'Fabric', 10.00, 0, 15),
    (4, 5, 'Side-Mirror', 'Auto Body', 'Standard', 24.00, 0, 2),
    (5, 5, 'Engine', 'Engine', 'Standard', 500.00, 0, 1),
    (1, 5, 'Transmission', 'Transmission', 'Standard', 400.00, 0, 1),
    (2, 6, 'Belt', 'Engine', '2-year warrenty', 10.00, 0, 60),
    (3, 78, 'Timing Belt', 'Engine', '10-year warrenty', 50.00, 0, 5),
    (4, 90, 'Coolant', 'Engine', 'Standard', 7.00, 0, 23),
    (5, 25, 'Motor Oil', 'Engine', 'Standard', 5.00, 0, 80),
    (1, 30, 'Starter Engine', 'Electrical', 'Standard', 120.00, 0, 3),
    (2, 30, 'Radio', 'Interior', 'Bluetooth capability', 75.00, 0, 6),
    (3, 31, 'Stereo System', 'Interior', 'CD and Cassette Player', 30.00, 0, 1),
    (4, 65, 'Battery', 'Electrical', 'Standard', 60.00, 0, 3),
    (5, 12, 'Radiator', 'Cooling System', 'Standard', 250.00, 0, 4),
    (1, 5, 'Alternator', 'Electrical', 'Standard', 225.00, 0, 1),
    (2, 5, 'Brake Pads', 'Brakes', 'Standard', 50.00, 0, 23),
    (3, 5, 'Brake Fluid', 'Brakes', '1 gallon', 20.00, 0, 30),
    (4, 6, 'Windshield Wiper Fluid', 'Windows', 'Extra sparkle', 8.00, 0, 12),
    (5, 7, 'Front Axle', 'Suspension', 'Standard', 399.00, 0, 2),
    (1, 8, 'Muffler', 'Exhaust System', 'Extra large', 45.00, 0, 6),
    (2, 2, 'Rear Axle', 'Suspension', 'Standard', 379.00, 0, 6),
    (3, 21, 'Rear Windshield Wiper', 'Windows', 'Single wiper', 8.00, 0, 12),
    (4, 22, 'Fuel Tank', 'Fuel Supply', '16-gallon capacity', 145.00, 0, 5),
    (5, 23, 'Speakers', 'Interior', 'For installing in truck', 200.00, 0, 6),
    (11, 24, 'Engine Control Unit', 'Engine', 'Standard', 188.00, 0, 4),
    (12, 25, 'Turbocharger', 'Engine', 'Only the best', 456.00, 0, 1),
    (13, 326, 'Battery', 'Electrical', 'For electric cars only', 500.00, 0, 10),
    (14, 26, 'Air Bags', 'Safety', 'Standard', 4.50, 0, 70),
    (15, 26, 'Oil Filter', 'Engine', 'Standard', 2.00, 0, 67),
    (16, 26, 'Radiator Hose', 'Cooling System', 'Standard', 30.00, 0, 22),
    (17, 26, 'Headrest', 'Interior', 'Leather', 50.00, 0, 2),
    (18, 29, 'Arm Rest', 'Interior', 'Fabric', 45.00, 0, 1),
    (19, 29, 'Brake Rotor', 'Brakes', 'Standard', 75.00, 0, 15),
    (20, 29, 'Brake Pedal', 'Brakes', 'Standard', 150.00, 0, 9),
    (22, 29, 'Caliper', 'Brakes', 'Standard', 40.00, 0, 8),
    (24, 29, 'Crankshaft', 'Engine', 'Standard', 200.00, 0, 8),
    (26, 29, 'Heater', 'Engine', 'Standard', 110.00, 0, 13),
    (30, 12, 'Piston', 'Engine', 'Standard', 35.00, 0, 45),
    (34, 32, 'Water Pump', 'Electrical', 'Standard', 50.00, 0, 8),
    (38, 42, 'Steering Shaft', 'Steering', 'Standard', 68.00, 0, 11),
    (42, 52, 'Transmission Pan', 'Cooling System', 'Standard', 10.00, 0, 2)
;

drop user if exists 'testuser';
create user 'testuser'@'%' identified by 'javaiii';
grant select, insert, update, delete on AutoPartsStore.*  to 'testuser'@'%';
